検索キーID,表示名,大区分,中区分,小区分,関連診療科,重み初期値,検索対象,設問数,設問ID,出典カテゴリ,メディマップ語彙,親検索キーID
C0001,狭心症のフォロー,内科,循環器内科（心臓内科含む）,虚血性心疾患の管理,循環器内科（心臓内科含む）,3,1,1,44,内科>循環器内科（心臓内科含む）>虚血性心疾患の管理,,
C0002,心筋梗塞後のフォロー,内科,循環器内科（心臓内科含む）,虚血性心疾患の管理,循環器内科（心臓内科含む）,3,1,1,45,内科>循環器内科（心臓内科含む）>虚血性心疾患の管理,,
C0003,心不全のフォロー,内科,循環器内科（心臓内科含む）,,循環器内科（心臓内科含む）,3,1,1,46,内科>循環器内科（心臓内科含む）,,
C0004,心房細動のフォロー,内科,循環器内科（心臓内科含む）,不整脈管理,循環器内科（心臓内科含む）,3,1,1,47,内科>循環器内科（心臓内科含む）>不整脈管理,,
C0005,ペースメーカー外来,内科,循環器内科（心臓内科含む）,不整脈管理,循環器内科（心臓内科含む）,3,1,1,48,内科>循環器内科（心臓内科含む）>不整脈管理,,
C0006,弁膜症のフォロー,内科,循環器内科（心臓内科含む）,弁膜症・術後管理,循環器内科（心臓内科含む）,3,1,1,49,内科>循環器内科（心臓内科含む）>弁膜症・術後管理,,
C0007,弁置換後のフォロー,内科,循環器内科（心臓内科含む）,弁膜症・術後管理,循環器内科（心臓内科含む）,3,1,1,50,内科>循環器内科（心臓内科含む）>弁膜症・術後管理,,
C0008,下肢抹消動脈疾患のフォロー（ABI可能）,内科,循環器内科（心臓内科含む）,血管疾患管理,循環器内科（心臓内科含む）,3,1,1,51,内科>循環器内科（心臓内科含む）>血管疾患管理,,
C0009,深部静脈血栓症・肺血栓症のフォロー,内科,循環器内科（心臓内科含む）,血管疾患管理,循環器内科（心臓内科含む）,3,1,1,52,内科>循環器内科（心臓内科含む）>血管疾患管理,,
C0010,動脈瘤のフォロー,内科,循環器内科（心臓内科含む）,血管疾患管理,循環器内科（心臓内科含む）,3,1,1,53,内科>循環器内科（心臓内科含む）>血管疾患管理,,
C0011,高血圧症のフォロー,内科,循環器内科（心臓内科含む）,,循環器内科（心臓内科含む）,3,1,1,54,内科>循環器内科（心臓内科含む）,,
C0012,心エコー,共通,検査関連,超音波・エコー検査,循環器内科（心臓内科含む）,2,1,2,"55,574",共通>検査関連>超音波・エコー検査 | 内科>循環器内科（心臓内科含む）>検査関連,,
C0013,ABI・CAVI検査,内科,循環器内科（心臓内科含む）,検査関連,循環器内科（心臓内科含む）,2,1,1,56,内科>循環器内科（心臓内科含む）>検査関連,,
C0014,ホルター型心電図検査,内科,循環器内科（心臓内科含む）,検査関連,循環器内科（心臓内科含む）,2,1,1,57,内科>循環器内科（心臓内科含む）>検査関連,,
C0015,下肢静脈エコー検査,内科,循環器内科（心臓内科含む）,検査関連,循環器内科（心臓内科含む）,2,1,1,58,内科>循環器内科（心臓内科含む）>検査関連,,
C0016,抗凝固療法管理（ワーファリン・コントロール/DOAC）,内科,循環器内科（心臓内科含む）,薬物・治療管理,循環器内科（心臓内科含む）,3,1,1,59,内科>循環器内科（心臓内科含む）>薬物・治療管理,,
C0017,利尿薬管理（内服・静注）,内科,循環器内科（心臓内科含む）,薬物・治療管理,循環器内科（心臓内科含む）,3,1,1,60,内科>循環器内科（心臓内科含む）>薬物・治療管理,,
C0018,禁煙治療,内科,循環器内科（心臓内科含む）,薬物・治療管理,循環器内科（心臓内科含む）,3,1,1,61,内科>循環器内科（心臓内科含む）>薬物・治療管理,,
C0019,CPAP管理,内科,循環器内科（心臓内科含む）,特殊外来,循環器内科（心臓内科含む）,3,1,1,62,内科>循環器内科（心臓内科含む）>特殊外来,,
C0020,心不全のフォロー連携パス,内科,循環器内科（心臓内科含む）,,循環器内科（心臓内科含む）,3,1,1,63,内科>循環器内科（心臓内科含む）,,
C0021,B型肝炎（フォロー／核酸アナログ治療）,内科,消化器内科（肝臓内科含む）,肝疾患,消化器内科（肝臓内科含む）,3,1,1,65,内科>消化器内科（肝臓内科含む）>肝疾患,,
C0022,C型肝炎（内服治療／治療後フォロー）,内科,消化器内科（肝臓内科含む）,肝疾患,消化器内科（肝臓内科含む）,3,1,1,66,内科>消化器内科（肝臓内科含む）>肝疾患,,
C0023,強ミノC注射,内科,消化器内科（肝臓内科含む）,肝疾患,消化器内科（肝臓内科含む）,3,1,1,67,内科>消化器内科（肝臓内科含む）>肝疾患,,
C0024,大腸ポリープ、便秘、過敏性腸症候群などのフォロー,内科,消化器内科（肝臓内科含む）,胃腸疾患,消化器内科（肝臓内科含む）,3,1,1,68,内科>消化器内科（肝臓内科含む）>胃腸疾患,,
C0025,便秘症のフォロー,内科,消化器内科（肝臓内科含む）,胃腸疾患,消化器内科（肝臓内科含む）,3,1,1,69,内科>消化器内科（肝臓内科含む）>胃腸疾患,,
C0026,HP除菌（ピロリ菌治療）・除菌判定,内科,消化器内科（肝臓内科含む）,胃腸疾患,消化器内科（肝臓内科含む）,3,1,1,70,内科>消化器内科（肝臓内科含む）>胃腸疾患,,
C0027,膵のう胞性疾患の管理・定期検査,内科,消化器内科（肝臓内科含む）,膵疾患,消化器内科（肝臓内科含む）,3,1,1,71,内科>消化器内科（肝臓内科含む）>膵疾患,,
C0028,慢性膵炎の管理・定期検査,内科,消化器内科（肝臓内科含む）,膵疾患,消化器内科（肝臓内科含む）,3,1,1,72,内科>消化器内科（肝臓内科含む）>膵疾患,,
C0029,腹部超音波検査,内科,消化器内科（肝臓内科含む）,検査,消化器内科（肝臓内科含む）、消化器外科,2,1,2,"73,284",内科>消化器内科（肝臓内科含む）>検査 | 外科>消化器外科>検査・診断,,
C0030,上部消化管内視鏡（経口／経鼻／鎮静対応）,内科,消化器内科（肝臓内科含む）,検査,消化器内科（肝臓内科含む）,2,1,1,74,内科>消化器内科（肝臓内科含む）>検査,,
C0031,下部消化管内視鏡（鎮静対応可）,内科,消化器内科（肝臓内科含む）,検査,消化器内科（肝臓内科含む）,2,1,1,75,内科>消化器内科（肝臓内科含む）>検査,,
C0032,超音波内視鏡検査（EUS）,内科,消化器内科（肝臓内科含む）,検査,消化器内科（肝臓内科含む）,2,1,1,76,内科>消化器内科（肝臓内科含む）>検査,,
C0033,大腸CT,内科,消化器内科（肝臓内科含む）,検査,消化器内科（肝臓内科含む）,2,1,1,77,内科>消化器内科（肝臓内科含む）>検査,,
C0034,採血検査,内科,消化器内科（肝臓内科含む）,検査,消化器内科（肝臓内科含む）,2,1,1,78,内科>消化器内科（肝臓内科含む）>検査,,
C0035,カプセル内視鏡,内科,消化器内科（肝臓内科含む）,,消化器内科（肝臓内科含む）,3,1,1,79,内科>消化器内科（肝臓内科含む）,,
C0036,内視鏡治療（EMR／ポリペクトミー）,内科,消化器内科（肝臓内科含む）,治療・手技,消化器内科（肝臓内科含む）,3,1,1,80,内科>消化器内科（肝臓内科含む）>治療・手技,,
C0037,胃瘻チューブ交換（バルーン式／バンパー式）,内科,消化器内科（肝臓内科含む）,治療・手技,消化器内科（肝臓内科含む）,3,1,1,81,内科>消化器内科（肝臓内科含む）>治療・手技,,
C0038,ドレーン管理（胃ろう／PTGBDなど）,内科,消化器内科（肝臓内科含む）,治療・手技,消化器内科（肝臓内科含む）,3,1,1,82,内科>消化器内科（肝臓内科含む）>治療・手技,,
C0039,腹水穿刺／除去（ドレナージ）,内科,消化器内科（肝臓内科含む）,治療・手技,消化器内科（肝臓内科含む）,3,1,1,83,内科>消化器内科（肝臓内科含む）>治療・手技,,
C0040,腹水濾過濃縮再静注法（CART）,内科,消化器内科（肝臓内科含む）,治療・手技,消化器内科（肝臓内科含む）,3,1,1,84,内科>消化器内科（肝臓内科含む）>治療・手技,,
C0041,在宅中心静脈栄養管理（IVH管理）,内科,消化器内科（肝臓内科含む）,在宅・緩和ケア,消化器内科（肝臓内科含む）,3,1,1,85,内科>消化器内科（肝臓内科含む）>在宅・緩和ケア,,
C0042,【悪性腫瘍】疼痛管理（オピオイド）,内科,消化器内科（肝臓内科含む）,在宅・緩和ケア,消化器内科（肝臓内科含む）,3,1,1,86,内科>消化器内科（肝臓内科含む）>在宅・緩和ケア,,
C0043,【悪性腫瘍】在宅での看取り,内科,消化器内科（肝臓内科含む）,在宅・緩和ケア,消化器内科（肝臓内科含む）,3,1,1,87,内科>消化器内科（肝臓内科含む）>在宅・緩和ケア,,
C0044,喘息診療（発作対応・吸入・点滴・フォロー）,内科,呼吸器内科,慢性呼吸器疾患,呼吸器内科,3,1,1,89,内科>呼吸器内科>慢性呼吸器疾患,,
C0045,喘息に対する生物学的抗体製剤注射,内科,呼吸器内科,慢性呼吸器疾患,呼吸器内科,3,1,1,90,内科>呼吸器内科>慢性呼吸器疾患,,
C0046,COPDの診断・治療・フォロー,内科,呼吸器内科,慢性呼吸器疾患,呼吸器内科,3,1,1,91,内科>呼吸器内科>慢性呼吸器疾患,,
C0047,間質性肺炎（無治療例の経過観察）,内科,呼吸器内科,慢性呼吸器疾患,呼吸器内科,3,1,1,92,内科>呼吸器内科>慢性呼吸器疾患,,
C0048,非結核性抗酸菌症（フォロー／無治療経過観察）,内科,呼吸器内科,慢性呼吸器疾患,呼吸器内科,3,1,1,93,内科>呼吸器内科>慢性呼吸器疾患,,
C0049,呼吸機能検査（スパイロメトリー／呼気一酸化窒素測定 FeNO）,内科,呼吸器内科,検査,呼吸器内科,2,1,1,94,内科>呼吸器内科>検査,,
C0050,胸部レントゲン撮影,内科,呼吸器内科,検査,呼吸器内科,2,1,1,95,内科>呼吸器内科>検査,,
C0051,胸部CT検査,内科,呼吸器内科,検査,呼吸器内科,2,1,1,96,内科>呼吸器内科>検査,,
C0052,吸入指導（薬局依頼含む）,内科,呼吸器内科,治療・処方管理,呼吸器内科,3,1,1,97,内科>呼吸器内科>治療・処方管理,,
C0053,在宅酸素療法（HOT／LTOT）,内科,呼吸器内科,治療・処方管理,呼吸器内科,3,1,1,98,内科>呼吸器内科>治療・処方管理,,
C0054,睡眠時無呼吸症候群に対するCPAP／BIPAP管理,内科,呼吸器内科,治療・処方管理,呼吸器内科,3,1,1,99,内科>呼吸器内科>治療・処方管理,,
C0055,COPDなどに対する非侵襲的陽圧換気療法（NPPV）,内科,呼吸器内科,治療・処方管理,呼吸器内科,3,1,1,100,内科>呼吸器内科>治療・処方管理,,
C0056,肺癌の症状緩和療法（麻薬使用あり／なし）,内科,呼吸器内科,腫瘍・緩和ケア,呼吸器内科,3,1,1,101,内科>呼吸器内科>腫瘍・緩和ケア,,
C0057,慢性呼吸不全・肺癌の看取りを含めた在宅往診管理,内科,呼吸器内科,腫瘍・緩和ケア,呼吸器内科,3,1,1,102,内科>呼吸器内科>腫瘍・緩和ケア,,
C0058,経口糖尿病薬による治療,内科,内分泌・代謝内科（糖尿病含む）,糖尿病管理,内分泌・代謝内科（糖尿病含む）,3,1,1,104,内科>内分泌・代謝内科（糖尿病含む）>糖尿病管理,,
C0059,糖尿病注射薬治療（GLP-1RA・インスリンなど、外来導入含む）,内科,内分泌・代謝内科（糖尿病含む）,糖尿病管理,内分泌・代謝内科（糖尿病含む）,3,1,1,105,内科>内分泌・代謝内科（糖尿病含む）>糖尿病管理,,
C0060,インスリン治療管理（処方・増減・ポンプ管理含む）,内科,内分泌・代謝内科（糖尿病含む）,糖尿病管理,内分泌・代謝内科（糖尿病含む）,3,1,1,106,内科>内分泌・代謝内科（糖尿病含む）>糖尿病管理,,
C0061,自己血糖測定管理指導,内科,内分泌・代謝内科（糖尿病含む）,糖尿病管理,内分泌・代謝内科（糖尿病含む）,3,1,1,107,内科>内分泌・代謝内科（糖尿病含む）>糖尿病管理,,
C0062,血糖モニタリング（CGM／FGM）,内科,内分泌・代謝内科（糖尿病含む）,糖尿病管理,内分泌・代謝内科（糖尿病含む）,3,1,1,108,内科>内分泌・代謝内科（糖尿病含む）>糖尿病管理,,
C0063,栄養指導,内科,内分泌・代謝内科（糖尿病含む）,糖尿病管理,内分泌・代謝内科（糖尿病含む）,3,1,1,109,内科>内分泌・代謝内科（糖尿病含む）>糖尿病管理,,
C0064,甲状腺疾患薬物治療（バセドウ病含む）,内科,内分泌・代謝内科（糖尿病含む）,甲状腺疾患管理,内分泌・代謝内科（糖尿病含む）,3,1,1,110,内科>内分泌・代謝内科（糖尿病含む）>甲状腺疾患管理,,
C0065,甲状腺腫瘍のフォロー,内科,内分泌・代謝内科（糖尿病含む）,甲状腺疾患管理,内分泌・代謝内科（糖尿病含む）,3,1,1,111,内科>内分泌・代謝内科（糖尿病含む）>甲状腺疾患管理,,
C0066,甲状腺超音波検査,内科,内分泌・代謝内科（糖尿病含む）,甲状腺疾患管理,乳腺・甲状腺外科、内分泌・代謝内科（糖尿病含む）,3,1,2,"112,238",内科>内分泌・代謝内科（糖尿病含む）>甲状腺疾患管理 | 外科>乳腺・甲状腺外科>甲状腺領域：診断・検査,,
C0067,甲状腺採血（TSH、FT3、FT4、Tgなど）,内科,内分泌・代謝内科（糖尿病含む）,,乳腺・甲状腺外科、内分泌・代謝内科（糖尿病含む）,3,1,2,"113,239",内科>内分泌・代謝内科（糖尿病含む） | 外科>乳腺・甲状腺外科>甲状腺領域：診断・検査,,
C0068,血液検査（TRAb、TgAbなど自己抗体検査）,内科,内分泌・代謝内科（糖尿病含む）,,乳腺・甲状腺外科、内分泌・代謝内科（糖尿病含む）,3,1,2,"114,240",内科>内分泌・代謝内科（糖尿病含む） | 外科>乳腺・甲状腺外科>甲状腺領域：診断・検査,,
C0069,内分泌治療薬の処方（例：タキモシフェン、アロマターゼ阻害薬等,内科,内分泌・代謝内科（糖尿病含む）,,乳腺・甲状腺外科、内分泌・代謝内科（糖尿病含む）,3,1,2,"115,241",内科>内分泌・代謝内科（糖尿病含む） | 外科>乳腺・甲状腺外科>薬物治療,,
C0070,骨粗鬆症のフォロー,内科,内分泌・代謝内科（糖尿病含む）,,内分泌・代謝内科（糖尿病含む）,3,1,1,116,内科>内分泌・代謝内科（糖尿病含む）,,
C0071,副腎不全のフォロー,内科,内分泌・代謝内科（糖尿病含む）,,内分泌・代謝内科（糖尿病含む）,3,1,1,117,内科>内分泌・代謝内科（糖尿病含む）,,
C0072,副甲状腺疾患のフォロー,内科,内分泌・代謝内科（糖尿病含む）,,内分泌・代謝内科（糖尿病含む）,3,1,1,118,内科>内分泌・代謝内科（糖尿病含む）,,
C0073,副腎腫瘍のフォロー,内科,内分泌・代謝内科（糖尿病含む）,,内分泌・代謝内科（糖尿病含む）,3,1,1,119,内科>内分泌・代謝内科（糖尿病含む）,,
C0074,脳卒中後遺症のフォロー,内科,脳神経内科（神経内科・脳卒中内科含む）,脳血管障害,脳神経内科（神経内科・脳卒中内科含む）、脳神経外科,3,1,2,"121,250",内科>脳神経内科（神経内科・脳卒中内科含む）>脳血管障害 | 外科>脳神経外科>神経疾患・慢性疾患管理,,
C0075,脳血管障害の慢性期フォロー（脳梗塞、脊髄梗塞、多発性脳梗塞など）,内科,脳神経内科（神経内科・脳卒中内科含む）,脳血管障害,脳神経内科（神経内科・脳卒中内科含む）,3,1,1,122,内科>脳神経内科（神経内科・脳卒中内科含む）>脳血管障害,,
C0076,脳血管疾患等リハビリテーション,内科,脳神経内科（神経内科・脳卒中内科含む）,脳血管障害,脳神経内科（神経内科・脳卒中内科含む）、脳神経外科,3,1,2,"123,253",内科>脳神経内科（神経内科・脳卒中内科含む）>脳血管障害 | 外科>脳神経外科,,
C0077,無症候性脳血管障害,内科,脳神経内科（神経内科・脳卒中内科含む）,脳血管障害,脳神経内科（神経内科・脳卒中内科含む）,3,1,1,124,内科>脳神経内科（神経内科・脳卒中内科含む）>脳血管障害,,
C0078,パーキンソン病の診療・フォロー,内科,脳神経内科（神経内科・脳卒中内科含む）,神経変性疾患,脳神経内科（神経内科・脳卒中内科含む）,3,1,1,125,内科>脳神経内科（神経内科・脳卒中内科含む）>神経変性疾患,,
C0079,神経変性疾患（PD、SCD、ALS、AD等）,内科,脳神経内科（神経内科・脳卒中内科含む）,神経変性疾患,脳神経内科（神経内科・脳卒中内科含む）,3,1,1,126,内科>脳神経内科（神経内科・脳卒中内科含む）>神経変性疾患,,
C0080,認知症管理（薬物治療・介護保険関連）,内科,脳神経内科（神経内科・脳卒中内科含む）,認知症,脳神経内科（神経内科・脳卒中内科含む）,3,1,1,127,内科>脳神経内科（神経内科・脳卒中内科含む）>認知症,,
C0081,末梢神経疾患管理（長期内服治療含む）,内科,脳神経内科（神経内科・脳卒中内科含む）,末梢神経疾患,脳神経内科（神経内科・脳卒中内科含む）,3,1,1,128,内科>脳神経内科（神経内科・脳卒中内科含む）>末梢神経疾患,,
C0082,頭痛／片頭痛薬物治療（予防薬・抗体製剤注射・投与継続）,内科,脳神経内科（神経内科・脳卒中内科含む）,頭痛,脳神経内科（神経内科・脳卒中内科含む）,3,1,1,129,内科>脳神経内科（神経内科・脳卒中内科含む）>頭痛,,
C0083,ボトックス注射,内科,脳神経内科（神経内科・脳卒中内科含む）,頭痛,脳神経内科（神経内科・脳卒中内科含む）,3,1,1,130,内科>脳神経内科（神経内科・脳卒中内科含む）>頭痛,,
C0084,てんかんのフォロー,内科,脳神経内科（神経内科・脳卒中内科含む）,てんかん,脳神経内科（神経内科・脳卒中内科含む）、脳神経外科,3,1,2,"131,248",内科>脳神経内科（神経内科・脳卒中内科含む）>てんかん | 外科>脳神経外科>神経疾患・慢性疾患管理,,
C0085,睡眠時無呼吸症候群のフォロー,内科,脳神経内科（神経内科・脳卒中内科含む）,睡眠関連,脳神経内科（神経内科・脳卒中内科含む）,3,1,1,132,内科>脳神経内科（神経内科・脳卒中内科含む）>睡眠関連,,
C0086,睡眠専門医療（ナルコレプシー・SAS）への対応,内科,脳神経内科（神経内科・脳卒中内科含む）,睡眠関連,脳神経内科（神経内科・脳卒中内科含む）,3,1,1,133,内科>脳神経内科（神経内科・脳卒中内科含む）>睡眠関連,,
C0087,CKD管理・フォロー（早期CKD含む）,内科,腎臓内科（高血圧内科含む）,慢性腎臓病（CKD）管理,腎臓内科（高血圧内科含む）,3,1,1,135,内科>腎臓内科（高血圧内科含む）>慢性腎臓病（CKD）管理,,
C0088,保存期腎臓療法（CKM）,内科,腎臓内科（高血圧内科含む）,慢性腎臓病（CKD）管理,腎臓内科（高血圧内科含む）,3,1,1,136,内科>腎臓内科（高血圧内科含む）>慢性腎臓病（CKD）管理,,
C0089,外来での蓄尿・1日尿蛋白量測定,内科,腎臓内科（高血圧内科含む）,慢性腎臓病（CKD）管理,腎臓内科（高血圧内科含む）,3,1,1,137,内科>腎臓内科（高血圧内科含む）>慢性腎臓病（CKD）管理,,
C0090,高血圧症のフォロー（治療）,内科,腎臓内科（高血圧内科含む）,慢性腎臓病（CKD）管理,腎臓内科（高血圧内科含む）,3,1,1,138,内科>腎臓内科（高血圧内科含む）>慢性腎臓病（CKD）管理,,
C0091,高尿酸血症のフォロー,内科,腎臓内科（高血圧内科含む）,慢性腎臓病（CKD）管理,腎臓内科（高血圧内科含む）,3,1,1,139,内科>腎臓内科（高血圧内科含む）>慢性腎臓病（CKD）管理,,
C0092,腎性貧血管理（ESA・HIF-PH阻害薬含む）,内科,腎臓内科（高血圧内科含む）,腎性貧血管理,腎臓内科（高血圧内科含む）,3,1,1,140,内科>腎臓内科（高血圧内科含む）>腎性貧血管理,,
C0093,利尿薬・降圧薬管理・調整,内科,腎臓内科（高血圧内科含む）,薬物管理,腎臓内科（高血圧内科含む）,3,1,1,141,内科>腎臓内科（高血圧内科含む）>薬物管理,,
C0094,腎疾患におけるステロイド・免疫抑制剤投薬・調整,内科,腎臓内科（高血圧内科含む）,薬物管理,腎臓内科（高血圧内科含む）,3,1,1,142,内科>腎臓内科（高血圧内科含む）>薬物管理,,
C0095,腹膜透析管理,内科,腎臓内科（高血圧内科含む）,透析関連,腎臓内科（高血圧内科含む）,3,1,1,143,内科>腎臓内科（高血圧内科含む）>透析関連,,
C0096,人工透析,内科,腎臓内科（高血圧内科含む）,透析関連,腎臓内科（高血圧内科含む）,3,1,1,144,内科>腎臓内科（高血圧内科含む）>透析関連,,
C0097,透析導入への意思決定支援,内科,腎臓内科（高血圧内科含む）,透析関連,腎臓内科（高血圧内科含む）,3,1,1,145,内科>腎臓内科（高血圧内科含む）>透析関連,,
C0098,腎臓超音波（腎血流量測定）,内科,腎臓内科（高血圧内科含む）,検査・画像,腎臓内科（高血圧内科含む）,2,1,1,146,内科>腎臓内科（高血圧内科含む）>検査・画像,,
C0099,栄養士による食事制限・指導・栄養指導（塩分・蛋白制限食など）,内科,腎臓内科（高血圧内科含む）,栄養指導,腎臓内科（高血圧内科含む）,3,1,1,147,内科>腎臓内科（高血圧内科含む）>栄養指導,,
C0100,CKD外来教育,内科,腎臓内科（高血圧内科含む）,,腎臓内科（高血圧内科含む）,3,1,1,148,内科>腎臓内科（高血圧内科含む）,,
C0101,膠原病・関節リウマチの診療・フォロー（特定疾患含む）,内科,血液・膠原病リウマチ内科（リウマチ科・膠原病内科含む）,疾患管理,内科（一般内科、総合診療科含む）、血液・膠原病リウマチ内科（リウマチ科・膠原病内科含む）,3,1,2,"150,166",内科>内科（一般内科、総合診療科含む） | 内科>血液・膠原病リウマチ内科（リウマチ科・膠原病内科含む）>疾患管理,,
C0102,ステロイド治療・調整,内科,血液・膠原病リウマチ内科（リウマチ科・膠原病内科含む）,薬物治療,内科（一般内科、総合診療科含む）、血液・膠原病リウマチ内科（リウマチ科・膠原病内科含む）,3,1,2,"151,167",内科>内科（一般内科、総合診療科含む） | 内科>血液・膠原病リウマチ内科（リウマチ科・膠原病内科含む）>薬物治療,,
C0103,生物学的製剤投与（点滴/皮下注射）,内科,血液・膠原病リウマチ内科（リウマチ科・膠原病内科含む）,薬物治療,内科（一般内科、総合診療科含む）、血液・膠原病リウマチ内科（リウマチ科・膠原病内科含む）,3,1,2,"152,168",内科>内科（一般内科、総合診療科含む） | 内科>血液・膠原病リウマチ内科（リウマチ科・膠原病内科含む）>薬物治療,,
C0104,JAK阻害薬投与,内科,血液・膠原病リウマチ内科（リウマチ科・膠原病内科含む）,薬物治療,血液・膠原病リウマチ内科（リウマチ科・膠原病内科含む）,3,1,1,153,内科>血液・膠原病リウマチ内科（リウマチ科・膠原病内科含む）>薬物治療,,
C0105,G-CSF製剤皮下注射,内科,血液・膠原病リウマチ内科（リウマチ科・膠原病内科含む）,支持療法・造血関連,血液・膠原病リウマチ内科（リウマチ科・膠原病内科含む）,3,1,1,154,内科>血液・膠原病リウマチ内科（リウマチ科・膠原病内科含む）>支持療法・造血関連,,
C0106,凝固因子製剤の処方・指導,内科,血液・膠原病リウマチ内科（リウマチ科・膠原病内科含む）,支持療法・造血関連,血液・膠原病リウマチ内科（リウマチ科・膠原病内科含む）,3,1,1,155,内科>血液・膠原病リウマチ内科（リウマチ科・膠原病内科含む）>支持療法・造血関連,,
C0107,外来輸血,内科,血液・膠原病リウマチ内科（リウマチ科・膠原病内科含む）,支持療法・造血関連,血液・膠原病リウマチ内科（リウマチ科・膠原病内科含む）,3,1,1,156,内科>血液・膠原病リウマチ内科（リウマチ科・膠原病内科含む）>支持療法・造血関連,,
C0108,複数疾患を抱える患者の総合管理,内科,内科（一般内科、総合診療科含む）,総合診療・プライマリケア的対応,内科（一般内科、総合診療科含む）,3,1,1,158,内科>内科（一般内科、総合診療科含む）>総合診療・プライマリケア的対応,,
C0109,複数診療科にまたがる薬剤調整（ポリファーマシー対応）,内科,内科（一般内科、総合診療科含む）,総合診療・プライマリケア的対応,内科（一般内科、総合診療科含む）,3,1,1,159,内科>内科（一般内科、総合診療科含む）>総合診療・プライマリケア的対応,,
C0110,慢性疼痛治療に用いる抗うつ薬の処方,内科,内科（一般内科、総合診療科含む）,薬物療法・処方管理,内科（一般内科、総合診療科含む）,3,1,1,160,内科>内科（一般内科、総合診療科含む）>薬物療法・処方管理,,
C0111,眠剤・安定剤の漸減（依存症リスク管理含む）,内科,内科（一般内科、総合診療科含む）,薬物療法・処方管理,内科（一般内科、総合診療科含む）,3,1,1,161,内科>内科（一般内科、総合診療科含む）>薬物療法・処方管理,,
C0112,片頭痛予防薬の処方（一次対応・継続処方）,内科,内科（一般内科、総合診療科含む）,薬物療法・処方管理,内科（一般内科、総合診療科含む）,3,1,1,162,内科>内科（一般内科、総合診療科含む）>薬物療法・処方管理,,
C0113,免疫抑制剤の処方（他科からの継続支持に基づく）,内科,内科（一般内科、総合診療科含む）,薬物療法・処方管理,内科（一般内科、総合診療科含む）,3,1,1,163,内科>内科（一般内科、総合診療科含む）>薬物療法・処方管理,,
C0114,抗リウマチ薬・甲状腺関連薬などの継続処方（専門科からの引継ぎ,内科,内科（一般内科、総合診療科含む）,薬物療法・処方管理,内科（一般内科、総合診療科含む）,3,1,1,164,内科>内科（一般内科、総合診療科含む）>薬物療法・処方管理,,
C0115,アナフィラキシー対応（エピペン処方・指導）,内科,内科（一般内科、総合診療科含む）,救急対応,アレルギー内科、内科（一般内科、総合診療科含む）,3,1,2,"165,188",内科>アレルギー内科 | 内科>内科（一般内科、総合診療科含む）>救急対応,,
C0116,不明熱（FUO）の診断・フォロー,内科,感染症内科,発熱・不明熱関連,感染症内科,3,1,1,170,内科>感染症内科>発熱・不明熱関連,,
C0117,感染症と非感染症の鑑別診断,内科,感染症内科,発熱・不明熱関連,感染症内科,3,1,1,171,内科>感染症内科>発熱・不明熱関連,,
C0118,敗血症の初期対応と治療方針決定,内科,感染症内科,細菌・ウイルス感染症,感染症内科,3,1,1,172,内科>感染症内科>細菌・ウイルス感染症,,
C0119,難治性・多剤耐性菌感染症の管理,内科,感染症内科,細菌・ウイルス感染症,感染症内科,3,1,1,173,内科>感染症内科>細菌・ウイルス感染症,,
C0120,HIV感染症の診断・治療・長期管理,内科,感染症内科,細菌・ウイルス感染症,感染症内科,3,1,1,174,内科>感染症内科>細菌・ウイルス感染症,,
C0121,ウイルス性肝炎・免疫不全関連感染症の併診,内科,感染症内科,細菌・ウイルス感染症,感染症内科,3,1,1,175,内科>感染症内科>細菌・ウイルス感染症,,
C0122,新型コロナウイルス感染症（COVID-19）の診断・治療,内科,感染症内科,細菌・ウイルス感染症,感染症内科,3,1,1,176,内科>感染症内科>細菌・ウイルス感染症,,
C0123,海外渡航に関連する感染症（マラリア、デング熱など）,内科,感染症内科,特殊感染症・渡航関連,感染症内科,3,1,1,177,内科>感染症内科>特殊感染症・渡航関連,,
C0124,ワクチン接種相談・渡航前後の感染症管理,内科,感染症内科,特殊感染症・渡航関連,感染症内科,3,1,1,178,内科>感染症内科>特殊感染症・渡航関連,,
C0125,抗菌薬の適正使用支援（抗菌薬選択・投与期間の調整）,内科,感染症内科,抗菌薬管理,感染症内科,3,1,1,179,内科>感染症内科>抗菌薬管理,,
C0126,抗真菌薬・抗ウイルス薬の使用管理,内科,感染症内科,抗菌薬管理,感染症内科,3,1,1,180,内科>感染症内科>抗菌薬管理,,
C0127,アレルギー性鼻炎、花粉症の総合管理（内服・舌下免疫療法を含む,内科,アレルギー内科,アレルギー疾患の診断・管理,アレルギー内科,3,1,1,182,内科>アレルギー内科>アレルギー疾患の診断・管理,,
C0128,食物アレルギーの診断・食事指導・経口負荷試験,内科,アレルギー内科,アレルギー疾患の診断・管理,アレルギー内科,3,1,1,183,内科>アレルギー内科>アレルギー疾患の診断・管理,,
C0129,薬剤アレルギーの評価・診断（原因薬特定、再投与可否の判断,内科,アレルギー内科,アレルギー疾患の診断・管理,アレルギー内科,3,1,1,184,内科>アレルギー内科>アレルギー疾患の診断・管理,,
C0130,難治性ぜん息・アトピー性皮膚炎への生物学的製剤の導入・管理,内科,アレルギー内科,重症アレルギー対応,アレルギー内科,3,1,1,185,内科>アレルギー内科>重症アレルギー対応,,
C0131,特異的LgE検査、アレルゲン同定検査,内科,アレルギー内科,専門検査,アレルギー内科,2,1,1,186,内科>アレルギー内科>専門検査,,
C0132,吸入・食物アレルゲンに対する皮膚テスト,内科,アレルギー内科,専門検査,アレルギー内科,2,1,1,187,内科>アレルギー内科>専門検査,,
C0133,抗がん剤投与管理（点滴・内服）,内科,腫瘍内科（がん薬物療法系）,,腫瘍内科（がん薬物療法系）,3,1,1,190,内科>腫瘍内科（がん薬物療法系）,,
C0134,分子標的治療薬投与,内科,腫瘍内科（がん薬物療法系）,,腫瘍内科（がん薬物療法系）,3,1,1,191,内科>腫瘍内科（がん薬物療法系）,,
C0135,免疫チェックポイント阻害薬投与,内科,腫瘍内科（がん薬物療法系）,,腫瘍内科（がん薬物療法系）,3,1,1,192,内科>腫瘍内科（がん薬物療法系）,,
C0136,ホルモン療法（乳がん・前立腺がんなど）の管理,内科,腫瘍内科（がん薬物療法系）,,腫瘍内科（がん薬物療法系）,3,1,1,193,内科>腫瘍内科（がん薬物療法系）,,
C0137,LH-RHアゴニスト、アンタゴニスト投与,内科,腫瘍内科（がん薬物療法系）,,腫瘍内科（がん薬物療法系）,3,1,1,194,内科>腫瘍内科（がん薬物療法系）,,
C0138,骨髄抑制・貧血・感染症対応,内科,腫瘍内科（がん薬物療法系）,,腫瘍内科（がん薬物療法系）,3,1,1,195,内科>腫瘍内科（がん薬物療法系）,,
C0139,嘔気・嘔吐・口内炎などの副作用管理,内科,腫瘍内科（がん薬物療法系）,,腫瘍内科（がん薬物療法系）,3,1,1,196,内科>腫瘍内科（がん薬物療法系）,,
C0140,栄養サポート・支持療法（輸液・疼痛管理含む）,内科,腫瘍内科（がん薬物療法系）,,腫瘍内科（がん薬物療法系）,3,1,1,197,内科>腫瘍内科（がん薬物療法系）,,
C0141,画像検査・腫瘍マーカーによる治療効果評価,内科,腫瘍内科（がん薬物療法系）,,腫瘍内科（がん薬物療法系）,3,1,1,198,内科>腫瘍内科（がん薬物療法系）,,
C0142,再発リスクのモニタリング,内科,腫瘍内科（がん薬物療法系）,,腫瘍内科（がん薬物療法系）,3,1,1,199,内科>腫瘍内科（がん薬物療法系）,,
C0143,QOL向上のための症状管理,内科,腫瘍内科（がん薬物療法系）,,腫瘍内科（がん薬物療法系）,3,1,1,200,内科>腫瘍内科（がん薬物療法系）,,
C0144,他科（緩和ケア・放射線科など）との連携,内科,腫瘍内科（がん薬物療法系）,,腫瘍内科（がん薬物療法系）,3,1,1,201,内科>腫瘍内科（がん薬物療法系）,,
C0145,骨粗鬆症の検査,外科,整形外科・リハビリテーション科（リウマチ科の外科系含む）,疾患のフォロー・管理,整形外科・リハビリテーション科（リウマチ科の外科系含む）,3,1,1,203,外科>整形外科・リハビリテーション科（リウマチ科の外科系含む）>疾患のフォロー・管理,,
C0146,関節リウマチ管理,外科,整形外科・リハビリテーション科（リウマチ科の外科系含む）,疾患のフォロー・管理,整形外科・リハビリテーション科（リウマチ科の外科系含む）,3,1,1,204,外科>整形外科・リハビリテーション科（リウマチ科の外科系含む）>疾患のフォロー・管理,,
C0147,腫瘍用人工関節の診察（初期対応のみ）,外科,整形外科・リハビリテーション科（リウマチ科の外科系含む）,疾患のフォロー・管理,整形外科・リハビリテーション科（リウマチ科の外科系含む）,3,1,1,205,外科>整形外科・リハビリテーション科（リウマチ科の外科系含む）>疾患のフォロー・管理,,
C0148,関節内注射,外科,整形外科・リハビリテーション科（リウマチ科の外科系含む）,注射・薬物療法,整形外科・リハビリテーション科（リウマチ科の外科系含む）,3,1,1,206,外科>整形外科・リハビリテーション科（リウマチ科の外科系含む）>注射・薬物療法,,
C0149,腱鞘内注射,外科,整形外科・リハビリテーション科（リウマチ科の外科系含む）,注射・薬物療法,整形外科・リハビリテーション科（リウマチ科の外科系含む）,3,1,1,207,外科>整形外科・リハビリテーション科（リウマチ科の外科系含む）>注射・薬物療法,,
C0150,骨粗鬆症治療薬注射（イベニティ、ボンビバ、プラリア、テリボン）,外科,整形外科・リハビリテーション科（リウマチ科の外科系含む）,注射・薬物療法,整形外科・リハビリテーション科（リウマチ科の外科系含む）,3,1,1,208,外科>整形外科・リハビリテーション科（リウマチ科の外科系含む）>注射・薬物療法,,
C0151,生物学的製剤の治療,外科,整形外科・リハビリテーション科（リウマチ科の外科系含む）,注射・薬物療法,整形外科・リハビリテーション科（リウマチ科の外科系含む）,3,1,1,209,外科>整形外科・リハビリテーション科（リウマチ科の外科系含む）>注射・薬物療法,,
C0152,手術創の管理（抜糸含む）,外科,整形外科・リハビリテーション科（リウマチ科の外科系含む）,手術後・創部管理,整形外科・リハビリテーション科（リウマチ科の外科系含む）,3,1,1,210,外科>整形外科・リハビリテーション科（リウマチ科の外科系含む）>手術後・創部管理,,
C0153,骨密度検査,外科,整形外科・リハビリテーション科（リウマチ科の外科系含む）,検査・診断補助,整形外科・リハビリテーション科（リウマチ科の外科系含む）,2,1,1,211,外科>整形外科・リハビリテーション科（リウマチ科の外科系含む）>検査・診断補助,,
C0154,装具外来,外科,整形外科・リハビリテーション科（リウマチ科の外科系含む）,装具・補助療法,整形外科・リハビリテーション科（リウマチ科の外科系含む）,3,1,1,212,外科>整形外科・リハビリテーション科（リウマチ科の外科系含む）>装具・補助療法,,
C0155,先天性内反足・先天性股関節脱臼の装具療法,外科,整形外科・リハビリテーション科（リウマチ科の外科系含む）,装具・補助療法,整形外科・リハビリテーション科（リウマチ科の外科系含む）,3,1,1,213,外科>整形外科・リハビリテーション科（リウマチ科の外科系含む）>装具・補助療法,,
C0156,足底板作成,外科,整形外科・リハビリテーション科（リウマチ科の外科系含む）,装具・補助療法,整形外科・リハビリテーション科（リウマチ科の外科系含む）,3,1,1,214,外科>整形外科・リハビリテーション科（リウマチ科の外科系含む）>装具・補助療法,,
C0157,PTリハ（理学療法士による運動療法）,外科,整形外科・リハビリテーション科（リウマチ科の外科系含む）,リハビリテーション（理学療法・作業療法）,整形外科・リハビリテーション科（リウマチ科の外科系含む）,3,1,1,215,外科>整形外科・リハビリテーション科（リウマチ科の外科系含む）>リハビリテーション（理学療法・作業療法）,,
C0158,OTリハ（作業療法士による機能訓練）,外科,整形外科・リハビリテーション科（リウマチ科の外科系含む）,リハビリテーション（理学療法・作業療法）,整形外科・リハビリテーション科（リウマチ科の外科系含む）,3,1,1,216,外科>整形外科・リハビリテーション科（リウマチ科の外科系含む）>リハビリテーション（理学療法・作業療法）,,
C0159,一般的リハビリテーション管理,外科,整形外科・リハビリテーション科（リウマチ科の外科系含む）,リハビリテーション（理学療法・作業療法）,整形外科・リハビリテーション科（リウマチ科の外科系含む）,3,1,1,217,外科>整形外科・リハビリテーション科（リウマチ科の外科系含む）>リハビリテーション（理学療法・作業療法）,,
C0160,頸椎牽引・腰椎牽引,外科,整形外科・リハビリテーション科（リウマチ科の外科系含む）,物理療法（理学療法の補助機器）,整形外科・リハビリテーション科（リウマチ科の外科系含む）,3,1,1,218,外科>整形外科・リハビリテーション科（リウマチ科の外科系含む）>物理療法（理学療法の補助機器）,,
C0161,干渉波治療器,外科,整形外科・リハビリテーション科（リウマチ科の外科系含む）,物理療法（理学療法の補助機器）,整形外科・リハビリテーション科（リウマチ科の外科系含む）,3,1,1,219,外科>整形外科・リハビリテーション科（リウマチ科の外科系含む）>物理療法（理学療法の補助機器）,,
C0162,低周波治療器（SSP）,外科,整形外科・リハビリテーション科（リウマチ科の外科系含む）,物理療法（理学療法の補助機器）,整形外科・リハビリテーション科（リウマチ科の外科系含む）,3,1,1,220,外科>整形外科・リハビリテーション科（リウマチ科の外科系含む）>物理療法（理学療法の補助機器）,,
C0163,マイクロサーミー,外科,整形外科・リハビリテーション科（リウマチ科の外科系含む）,物理療法（理学療法の補助機器）,整形外科・リハビリテーション科（リウマチ科の外科系含む）,3,1,1,221,外科>整形外科・リハビリテーション科（リウマチ科の外科系含む）>物理療法（理学療法の補助機器）,,
C0164,ウォーターベッド・超音波治療,外科,整形外科・リハビリテーション科（リウマチ科の外科系含む）,物理療法（理学療法の補助機器）,整形外科・リハビリテーション科（リウマチ科の外科系含む）,3,1,1,222,外科>整形外科・リハビリテーション科（リウマチ科の外科系含む）>物理療法（理学療法の補助機器）,,
C0165,ホットパック,外科,整形外科・リハビリテーション科（リウマチ科の外科系含む）,物理療法（理学療法の補助機器）,整形外科・リハビリテーション科（リウマチ科の外科系含む）,3,1,1,223,外科>整形外科・リハビリテーション科（リウマチ科の外科系含む）>物理療法（理学療法の補助機器）,,
C0166,体外衝撃波治療（拡散型）,外科,整形外科・リハビリテーション科（リウマチ科の外科系含む）,特殊療法,整形外科・リハビリテーション科（リウマチ科の外科系含む）,3,1,1,224,外科>整形外科・リハビリテーション科（リウマチ科の外科系含む）>特殊療法,,
C0167,言語聴覚士の配置,共通,医療機関内サービス・アメニティ,医療スタッフ・リハビリ関連,整形外科・リハビリテーション科（リウマチ科の外科系含む）,2,1,2,"225,599",共通>医療機関内サービス・アメニティ>医療スタッフ・リハビリ関連 | 外科>整形外科・リハビリテーション科（リウマチ科の外科系含む）,,
C0168,側彎症の装具治療,外科,整形外科・リハビリテーション科（リウマチ科の外科系含む）,,整形外科・リハビリテーション科（リウマチ科の外科系含む）,3,1,1,226,外科>整形外科・リハビリテーション科（リウマチ科の外科系含む）,,
C0169,神経ブロック治療,外科,整形外科・リハビリテーション科（リウマチ科の外科系含む）,,整形外科・リハビリテーション科（リウマチ科の外科系含む）,3,1,1,227,外科>整形外科・リハビリテーション科（リウマチ科の外科系含む）,,
C0170,骨密度測定,外科,整形外科・リハビリテーション科（リウマチ科の外科系含む）,,放射線科（診断＋治療含む）、整形外科・リハビリテーション科（リウマチ科の外科系含む）,3,1,2,"228,472",外科>整形外科・リハビリテーション科（リウマチ科の外科系含む） | 諸科>放射線科（診断＋治療含む）>骨・関節関連評価,,
C0171,術後フォローアップ（ホルモン剤の処方含む）,外科,乳腺・甲状腺外科,術後・長期フォローアップ,乳腺・甲状腺外科,3,1,1,230,外科>乳腺・甲状腺外科>術後・長期フォローアップ,,
C0172,5年フォロー終了後の癌患者の定期処方フォロー,外科,乳腺・甲状腺外科,術後・長期フォローアップ,乳腺・甲状腺外科、消化器外科,3,1,2,"231,279",外科>乳腺・甲状腺外科>術後・長期フォローアップ | 外科>消化器外科>術後・長期フォロー,,
C0173,5年フォロー終了後の癌患者の定期内視鏡フォロー,外科,乳腺・甲状腺外科,術後・長期フォローアップ,乳腺・甲状腺外科、消化器外科,3,1,2,"232,280",外科>乳腺・甲状腺外科>術後・長期フォローアップ | 外科>消化器外科>術後・長期フォロー,,
C0174,術後の創傷処置,外科,乳腺・甲状腺外科,術後・長期フォローアップ,乳腺・甲状腺外科,3,1,1,233,外科>乳腺・甲状腺外科>術後・長期フォローアップ,,
C0175,乳腺超音波検査,外科,乳腺・甲状腺外科,乳腺領域：診断・検査,乳腺・甲状腺外科,2,1,1,234,外科>乳腺・甲状腺外科>乳腺領域：診断・検査,,
C0176,マンモグラフィー,外科,乳腺・甲状腺外科,乳腺領域：診断・検査,乳腺・甲状腺外科,2,1,1,235,外科>乳腺・甲状腺外科>乳腺領域：診断・検査,,
C0177,細胞診の実施（乳腺）,外科,乳腺・甲状腺外科,乳腺領域：診断・検査,乳腺・甲状腺外科,2,1,1,236,外科>乳腺・甲状腺外科>乳腺領域：診断・検査,,
C0178,針生検の実施,外科,乳腺・甲状腺外科,乳腺領域：診断・検査,乳腺・甲状腺外科,2,1,1,237,外科>乳腺・甲状腺外科>乳腺領域：診断・検査,,
C0179,抗がん剤の処方（外来対応可能な範囲）,外科,乳腺・甲状腺外科,薬物治療,乳腺・甲状腺外科,3,1,1,242,外科>乳腺・甲状腺外科>薬物治療,,
C0180,頭部外傷後の後遺症フォロー,外科,脳神経外科,外傷・術後管理,脳神経外科,3,1,1,244,外科>脳神経外科>外傷・術後管理,,
C0181,脳卒中術後のフォロー,外科,脳神経外科,外傷・術後管理,脳神経外科,3,1,1,245,外科>脳神経外科>外傷・術後管理,,
C0182,脊髄・脊椎疾患のフォロー,外科,脳神経外科,外傷・術後管理,脳神経外科,3,1,1,246,外科>脳神経外科>外傷・術後管理,,
C0183,抜糸・抜鉤など術後処置,外科,脳神経外科,外傷・術後管理,脳神経外科,3,1,1,247,外科>脳神経外科>外傷・術後管理,,
C0184,抗痙攣薬処方管理,外科,脳神経外科,神経疾患・慢性疾患管理,脳神経外科,3,1,1,249,外科>脳神経外科>神経疾患・慢性疾患管理,,
C0185,MRI検査,外科,脳神経外科,,脳神経外科,3,1,1,251,外科>脳神経外科,,
C0186,CT検査,外科,脳神経外科,,脳神経外科,3,1,1,252,外科>脳神経外科,,
C0187,認知症管理,外科,脳神経外科,神経疾患・慢性疾患管理,脳神経外科,3,1,1,254,外科>脳神経外科>神経疾患・慢性疾患管理,,
C0188,頭痛の内服治療,外科,脳神経外科,神経疾患・慢性疾患管理,脳神経外科,3,1,1,255,外科>脳神経外科>神経疾患・慢性疾患管理,,
C0189,ラジカット点滴,外科,脳神経外科,薬物治療・点滴療法,脳神経外科,3,1,1,256,外科>脳神経外科>薬物治療・点滴療法,,
C0190,胃・小腸・大腸・肝胆膵の良性疾患手術（虫垂炎、胆石症、ヘルニアなど,外科,外科（一般外科含む）,消化器手術・管理,外科（一般外科含む）,3,1,1,258,外科>外科（一般外科含む）>消化器手術・管理,,
C0191,腹腔鏡手術対応（胆嚢摘出術、虫垂切除術など）,外科,外科（一般外科含む）,消化器手術・管理,外科（一般外科含む）,3,1,1,259,外科>外科（一般外科含む）>消化器手術・管理,,
C0192,術後合併症管理（創部感染、腹水、吻合部トラブルなど）,外科,外科（一般外科含む）,消化器手術・管理,外科（一般外科含む）,3,1,1,260,外科>外科（一般外科含む）>消化器手術・管理,,
C0193,消化管穿孔や腹部外傷の初期評価と処置,外科,外科（一般外科含む）,外傷・緊急処置,外科（一般外科含む）,3,1,1,261,外科>外科（一般外科含む）>外傷・緊急処置,,
C0194,小外傷・皮下血種のドレナージや縫合,外科,外科（一般外科含む）,外傷・緊急処置,外科（一般外科含む）,3,1,1,262,外科>外科（一般外科含む）>外傷・緊急処置,,
C0195,腫瘍切開・ドレナージ,外科,外科（一般外科含む）,皮膚・軟部組織疾患,外科（一般外科含む）,3,1,1,263,外科>外科（一般外科含む）>皮膚・軟部組織疾患,,
C0196,軟部腫瘍の摘出（脂肪腫・粉瘤など）,外科,外科（一般外科含む）,皮膚・軟部組織疾患,外科（一般外科含む）,3,1,1,264,外科>外科（一般外科含む）>皮膚・軟部組織疾患,,
C0197,腸閉塞や胆嚢炎など保存的治療の管理,外科,外科（一般外科含む）,内科的フォロー・薬物管理,外科（一般外科含む）,3,1,1,265,外科>外科（一般外科含む）>内科的フォロー・薬物管理,,
C0198,抗菌薬・止血薬など術後・保存的治療薬の調整,外科,外科（一般外科含む）,内科的フォロー・薬物管理,外科（一般外科含む）,3,1,1,266,外科>外科（一般外科含む）>内科的フォロー・薬物管理,,
C0199,弁置換術後・弁形成術後のフォロー,外科,心臓血管外科,術後フォロー,心臓血管外科,3,1,1,268,外科>心臓血管外科>術後フォロー,,
C0200,心不全の外科手術後フォロー,外科,心臓血管外科,術後フォロー,心臓血管外科,3,1,1,269,外科>心臓血管外科>術後フォロー,,
C0201,術後抗凝固療法管理（ワーファリン/DOAC調整）,外科,心臓血管外科,術後フォロー,心臓血管外科,3,1,1,270,外科>心臓血管外科>術後フォロー,,
C0202,動脈瘤の精査・フォロー（大動脈瘤・末梢動脈瘤）,外科,心臓血管外科,動脈・血管疾患の管理,心臓血管外科,3,1,1,271,外科>心臓血管外科>動脈・血管疾患の管理,,
C0203,動脈硬化・抹消動脈疾患の管理,外科,心臓血管外科,動脈・血管疾患の管理,心臓血管外科,3,1,1,272,外科>心臓血管外科>動脈・血管疾患の管理,,
C0204,冠動脈危険因子の加療（高血圧・高脂血症・喫煙・肥満 他）,外科,心臓血管外科,動脈・血管疾患の管理,心臓血管外科,3,1,1,273,外科>心臓血管外科>動脈・血管疾患の管理,,
C0205,冠動脈CTによる評価,外科,心臓血管外科,画像検査・評価,心臓血管外科,2,1,1,274,外科>心臓血管外科>画像検査・評価,,
C0206,全身動脈造影CTによる血管病変精査,外科,心臓血管外科,画像検査・評価,心臓血管外科,2,1,1,275,外科>心臓血管外科>画像検査・評価,,
C0207,利尿薬の調整（心不全・周術期管理を含む）,外科,心臓血管外科,薬物管理,心臓血管外科,3,1,1,276,外科>心臓血管外科>薬物管理,,
C0208,抗血栓療法のコントロール（ワーファリン/DOAC）,外科,心臓血管外科,薬物管理,心臓血管外科,3,1,1,277,外科>心臓血管外科>薬物管理,,
C0209,消化器がん手術後の再発チェック・生活指導,外科,消化器外科,術後・長期フォロー,消化器外科,3,1,1,281,外科>消化器外科>術後・長期フォロー,,
C0210,上部消化管内視鏡検査,外科,消化器外科,検査・診断,消化器外科,2,1,1,282,外科>消化器外科>検査・診断,,
C0211,下部消化管内視鏡検査,外科,消化器外科,検査・診断,消化器外科,2,1,1,283,外科>消化器外科>検査・診断,,
C0212,創処置（創洗浄、縫合部・ドレーン管理）,外科,消化器外科,術後・処置関連,消化器外科,3,1,1,285,外科>消化器外科>術後・処置関連,,
C0213,経管栄養管理（経鼻胃管、経腸栄養チューブの管理）,外科,消化器外科,術後・処置関連,消化器外科,3,1,1,286,外科>消化器外科>術後・処置関連,,
C0214,在宅中心静脈栄養（TPN）の管理,外科,消化器外科,術後・処置関連,消化器外科,3,1,1,287,外科>消化器外科>術後・処置関連,,
C0215,エスワン補助化学療法（胃がん）,外科,消化器外科,,消化器外科,3,1,1,288,外科>消化器外科,,
C0216,胃食道のバリウム造影検査,外科,消化器外科,,消化器外科,3,1,1,289,外科>消化器外科,,
C0217,注腸検査,外科,消化器外科,,消化器外科,3,1,1,290,外科>消化器外科,,
C0218,経腸栄養管理,外科,消化器外科,,消化器外科,3,1,1,291,外科>消化器外科,,
C0219,気管カニューレ管理,外科,消化器外科,,消化器外科,3,1,1,292,外科>消化器外科,,
C0220,先天異常や外傷後の顔面・体幹・手指の再建手術,外科,形成外科,再建・修復手術,形成外科,3,1,1,294,外科>形成外科>再建・修復手術,,
C0221,皮弁形成・遊離皮弁移植などの複雑創傷再建,外科,形成外科,再建・修復手術,形成外科,3,1,1,295,外科>形成外科>再建・修復手術,,
C0222,熱傷後瘢痕の修正手術,外科,形成外科,再建・修復手術,形成外科,3,1,1,296,外科>形成外科>再建・修復手術,,
C0223,口唇裂・口蓋裂の修復手術,外科,形成外科,顔面・頭頚部の美容・機能改善,形成外科,3,1,1,297,外科>形成外科>顔面・頭頚部の美容・機能改善,,
C0224,鼻形成・耳形成など顔面の再建・形態改善,外科,形成外科,顔面・頭頚部の美容・機能改善,形成外科,3,1,1,298,外科>形成外科>顔面・頭頚部の美容・機能改善,,
C0225,眼瞼下垂や眼瞼形成など機能改善手術,外科,形成外科,顔面・頭頚部の美容・機能改善,形成外科,3,1,1,299,外科>形成外科>顔面・頭頚部の美容・機能改善,,
C0226,慢性創傷・圧迫潰瘍の治療・再建,外科,形成外科,創傷管理・瘢痕治療,形成外科,3,1,1,300,外科>形成外科>創傷管理・瘢痕治療,,
C0227,ケロイド・肥厚性瘢痕の注射・手術治療,外科,形成外科,創傷管理・瘢痕治療,形成外科,3,1,1,301,外科>形成外科>創傷管理・瘢痕治療,,
C0228,褥瘡の外科的管理,外科,形成外科,創傷管理・瘢痕治療,形成外科,3,1,1,302,外科>形成外科>創傷管理・瘢痕治療,,
C0229,リンパ浮腫に対する手術・再建,外科,形成外科,血管・リンパ関連処置,形成外科,3,1,1,303,外科>形成外科>血管・リンパ関連処置,,
C0230,微小血管吻合を伴う再建術,外科,形成外科,血管・リンパ関連処置,形成外科,3,1,1,304,外科>形成外科>血管・リンパ関連処置,,
C0231,肺悪性腫瘍の外科切除（肺葉切除、区域切除など）,外科,呼吸器外科,肺・気道手術,呼吸器外科,3,1,1,306,外科>呼吸器外科>肺・気道手術,,
C0232,気管支・気管の外科的再建,外科,呼吸器外科,肺・気道手術,呼吸器外科,3,1,1,307,外科>呼吸器外科>肺・気道手術,,
C0233,気胸手術（胸腔鏡下・開胸手術）,外科,呼吸器外科,肺・気道手術,呼吸器外科,3,1,1,308,外科>呼吸器外科>肺・気道手術,,
C0234,胸膜疾患（胸膜中皮腫、悪性胸水など）の外科的管理,外科,呼吸器外科,胸膜・胸腔手術,呼吸器外科,3,1,1,309,外科>呼吸器外科>胸膜・胸腔手術,,
C0235,胸腔鏡下胸腔操作（胸水ドレナージ、癒着剥離など）,外科,呼吸器外科,胸膜・胸腔手術,呼吸器外科,3,1,1,310,外科>呼吸器外科>胸膜・胸腔手術,,
C0236,胸部外傷（肋骨骨折・肺損傷・気胸・血胸）の外科的処置,外科,呼吸器外科,外傷・緊急対応,呼吸器外科,3,1,1,311,外科>呼吸器外科>外傷・緊急対応,,
C0237,胸腔ドレーン管理・術後合併症フォロー,外科,呼吸器外科,術後管理,呼吸器外科,3,1,1,312,外科>呼吸器外科>術後管理,,
C0238,外科的治療後の呼吸機能評価・回復管理,外科,呼吸器外科,術後管理,呼吸器外科,3,1,1,313,外科>呼吸器外科>術後管理,,
C0239,気管・気管支瘻の外科的管理,外科,呼吸器外科,瘻孔・穿刺処置,呼吸器外科,3,1,1,314,外科>呼吸器外科>瘻孔・穿刺処置,,
C0240,胸腔穿刺・ドレナージ手技,外科,呼吸器外科,瘻孔・穿刺処置,呼吸器外科,3,1,1,315,外科>呼吸器外科>瘻孔・穿刺処置,,
C0241,表皮内癌（基底細胞癌・日光角化症・ボーエン病）術後フォロー,諸科,皮膚科,皮膚腫瘍・術後管理,皮膚科,3,1,1,317,諸科>皮膚科>皮膚腫瘍・術後管理,,
C0242,小手術（皮膚良性腫瘍切除、皮膚悪性腫瘍単純切除、皮弁形成術ほか,諸科,皮膚科,皮膚腫瘍・術後管理,皮膚科,3,1,1,318,諸科>皮膚科>皮膚腫瘍・術後管理,,
C0243,伝染性軟属腫の摘除術,諸科,皮膚科,皮膚腫瘍・術後管理,皮膚科,3,1,1,319,諸科>皮膚科>皮膚腫瘍・術後管理,,
C0244,プリックテスト,諸科,皮膚科,アレルギー・免疫検査,皮膚科,2,1,1,320,諸科>皮膚科>アレルギー・免疫検査,,
C0245,パッチテスト,諸科,皮膚科,アレルギー・免疫検査,皮膚科,2,1,1,321,諸科>皮膚科>アレルギー・免疫検査,,
C0246,ダーモスコピー,諸科,皮膚科,皮膚画像・評価,皮膚科,3,1,1,322,諸科>皮膚科>皮膚画像・評価,,
C0247,アトピー性皮膚炎治療,諸科,皮膚科,皮膚疾患治療・薬物管理,皮膚科,3,1,1,323,諸科>皮膚科>皮膚疾患治療・薬物管理,,
C0248,乾癬治療（生物学的製剤投与含む）,諸科,皮膚科,皮膚疾患治療・薬物管理,皮膚科,3,1,1,324,諸科>皮膚科>皮膚疾患治療・薬物管理,,
C0249,蕁麻疹治療（生物学的製剤投与含む）,諸科,皮膚科,皮膚疾患治療・薬物管理,皮膚科,3,1,1,325,諸科>皮膚科>皮膚疾患治療・薬物管理,,
C0250,軟膏処置（一般皮膚疾患・熱傷含む）,諸科,皮膚科,皮膚疾患治療・薬物管理,皮膚科,3,1,1,326,諸科>皮膚科>皮膚疾患治療・薬物管理,,
C0251,ハイドロキノン処方（色素沈着・美白治療）,諸科,皮膚科,皮膚疾患治療・薬物管理,皮膚科,3,1,1,327,諸科>皮膚科>皮膚疾患治療・薬物管理,,
C0252,強ミノC静注,諸科,皮膚科,皮膚疾患治療・薬物管理,皮膚科,3,1,1,328,諸科>皮膚科>皮膚疾患治療・薬物管理,,
C0253,真菌鏡検,諸科,皮膚科,感染症・真菌疾患,皮膚科,3,1,1,329,諸科>皮膚科>感染症・真菌疾患,,
C0254,潰瘍処置（感染症・慢性潰瘍含む）,諸科,皮膚科,感染症・真菌疾患,皮膚科,3,1,1,330,諸科>皮膚科>感染症・真菌疾患,,
C0255,紫外線療法（エキシマライト/エキシマレーザー）,諸科,皮膚科,光線・レーザー治療,皮膚科,3,1,1,331,諸科>皮膚科>光線・レーザー治療,,
C0256,紫外線療法（ナローバンドUV8 全身型・ターゲット照射型）,諸科,皮膚科,光線・レーザー治療,皮膚科,3,1,1,332,諸科>皮膚科>光線・レーザー治療,,
C0257,紫外線治療（UVA療法）,諸科,皮膚科,光線・レーザー治療,皮膚科,3,1,1,333,諸科>皮膚科>光線・レーザー治療,,
C0258,レーザー治療（炭酸ガスレーザー/Qスイッチレーザー/色素レーザー,諸科,皮膚科,光線・レーザー治療,皮膚科,3,1,1,334,諸科>皮膚科>光線・レーザー治療,,
C0259,巻き爪ワイヤー処置,諸科,皮膚科,爪・角質関連処置,皮膚科,3,1,1,335,諸科>皮膚科>爪・角質関連処置,,
C0260,液体窒素療法（イボ・角化病変など）,諸科,皮膚科,爪・角質関連処置,皮膚科,3,1,1,336,諸科>皮膚科>爪・角質関連処置,,
C0261,アトピー性皮膚炎デュピルマグ導入（成人）,諸科,皮膚科,,皮膚科,3,1,1,337,諸科>皮膚科,,
C0262,アトピー性皮膚炎デュピルマグ導入（小児）,諸科,皮膚科,,皮膚科,3,1,1,338,諸科>皮膚科,,
C0263,アトピー性皮膚炎ミチーガ導入（成人）,諸科,皮膚科,,皮膚科,3,1,1,339,諸科>皮膚科,,
C0264,アトピー性皮膚炎ミチーガ導入（小児）,諸科,皮膚科,,皮膚科,3,1,1,340,諸科>皮膚科,,
C0265,アトピー性皮膚炎イブグリース導入,諸科,皮膚科,,皮膚科,3,1,1,341,諸科>皮膚科,,
C0266,アトピー性皮膚炎アドトラーザ導入,諸科,皮膚科,,皮膚科,3,1,1,342,諸科>皮膚科,,
C0267,蕁麻疹ゾレア導入,諸科,皮膚科,,皮膚科,3,1,1,343,諸科>皮膚科,,
C0268,蕁麻疹デュピクセント導入,諸科,皮膚科,,皮膚科,3,1,1,344,諸科>皮膚科,,
C0269,尋常性乾癬オテズラ導入,諸科,皮膚科,,皮膚科,3,1,1,345,諸科>皮膚科,,
C0270,自己導尿管理指導,諸科,泌尿器科,尿路管理・カテーテル関連,泌尿器科,3,1,1,347,諸科>泌尿器科>尿路管理・カテーテル関連,,
C0271,尿道カテーテル交換,諸科,泌尿器科,尿路管理・カテーテル関連,泌尿器科,3,1,1,348,諸科>泌尿器科>尿路管理・カテーテル関連,,
C0272,腎ろう交換,諸科,泌尿器科,尿路管理・カテーテル関連,泌尿器科,3,1,1,349,諸科>泌尿器科>尿路管理・カテーテル関連,,
C0273,膀胱瘻交換,共通,在宅診療内容,排泄管理,泌尿器科,3,1,2,"350,526",共通>在宅診療内容>排泄管理 | 諸科>泌尿器科>尿路管理・カテーテル関連,,
C0274,膀胱鏡検査,諸科,泌尿器科,泌尿器手技・検査,泌尿器科,2,1,1,351,諸科>泌尿器科>泌尿器手技・検査,,
C0275,前立腺針生検,諸科,泌尿器科,泌尿器手技・検査,泌尿器科,2,1,1,352,諸科>泌尿器科>泌尿器手技・検査,,
C0276,腹部エコー,共通,検査関連,超音波・エコー検査,泌尿器科,2,1,2,"353,575",共通>検査関連>超音波・エコー検査 | 諸科>泌尿器科>泌尿器手技・検査,,
C0277,泌尿器科疾患定期検査,諸科,泌尿器科,定期フォロー・検査,泌尿器科,2,1,1,354,諸科>泌尿器科>定期フォロー・検査,,
C0278,BCG膀胱注入,諸科,泌尿器科,腫瘍・抗癌治療,泌尿器科,3,1,1,355,諸科>泌尿器科>腫瘍・抗癌治療,,
C0279,内服抗がん剤投与,諸科,泌尿器科,腫瘍・抗癌治療,泌尿器科,3,1,1,356,諸科>泌尿器科>腫瘍・抗癌治療,,
C0280,ホルモン剤投与（LH-RHアゴニスト、LH-RHアンタゴニスト）,諸科,泌尿器科,腫瘍・抗癌治療,泌尿器科,3,1,1,357,諸科>泌尿器科>腫瘍・抗癌治療,,
C0281,ゾメタ投与,諸科,泌尿器科,腫瘍・抗癌治療,泌尿器科,3,1,1,358,諸科>泌尿器科>腫瘍・抗癌治療,,
C0282,陰嚢水腫に対する陰嚢穿刺,諸科,泌尿器科,腎・陰嚢関連処置,泌尿器科,3,1,1,359,諸科>泌尿器科>腎・陰嚢関連処置,,
C0283,ピノルビン膀胱注入,諸科,泌尿器科,,泌尿器科,3,1,1,360,諸科>泌尿器科,,
C0284,ランマーク投与,諸科,泌尿器科,,泌尿器科,3,1,1,361,諸科>泌尿器科,,
C0285,前立腺がん連携パス,諸科,泌尿器科,,泌尿器科,3,1,1,362,諸科>泌尿器科,,
C0286,長期経過した癌患者のフォロー,諸科,耳鼻いんこう科,癌・腫瘍患者フォロー,耳鼻いんこう科,3,1,1,364,諸科>耳鼻いんこう科>癌・腫瘍患者フォロー,,
C0287,良性腫瘍の経過観察,諸科,耳鼻いんこう科,癌・腫瘍患者フォロー,耳鼻いんこう科,3,1,1,365,諸科>耳鼻いんこう科>癌・腫瘍患者フォロー,,
C0288,甲状腺腫瘍術後フォロー,諸科,耳鼻いんこう科,癌・腫瘍患者フォロー,耳鼻いんこう科,3,1,1,366,諸科>耳鼻いんこう科>癌・腫瘍患者フォロー,,
C0289,甲状腺手術後管理,諸科,耳鼻いんこう科,癌・腫瘍患者フォロー,耳鼻いんこう科,3,1,1,367,諸科>耳鼻いんこう科>癌・腫瘍患者フォロー,,
C0290,甲状腺エコー,諸科,耳鼻いんこう科,癌・腫瘍患者フォロー,耳鼻いんこう科,3,1,1,368,諸科>耳鼻いんこう科>癌・腫瘍患者フォロー,,
C0291,突発性難聴の聴力経過観察,諸科,耳鼻いんこう科,耳・聴覚関連,耳鼻いんこう科,3,1,1,369,諸科>耳鼻いんこう科>耳・聴覚関連,,
C0292,めまい患者の経過観察,諸科,耳鼻いんこう科,耳・聴覚関連,耳鼻いんこう科,3,1,1,370,諸科>耳鼻いんこう科>耳・聴覚関連,,
C0293,滲出性中耳炎の併診,諸科,耳鼻いんこう科,耳・聴覚関連,耳鼻いんこう科,3,1,1,371,諸科>耳鼻いんこう科>耳・聴覚関連,,
C0294,補聴器適合検査,諸科,耳鼻いんこう科,耳・聴覚関連,耳鼻いんこう科,3,1,1,372,諸科>耳鼻いんこう科>耳・聴覚関連,,
C0295,耳の術後処置,諸科,耳鼻いんこう科,耳・聴覚関連,耳鼻いんこう科,3,1,1,373,諸科>耳鼻いんこう科>耳・聴覚関連,,
C0296,鼻の術後処置,諸科,耳鼻いんこう科,鼻・咽喉関連,耳鼻いんこう科,3,1,1,374,諸科>耳鼻いんこう科>鼻・咽喉関連,,
C0297,鼻炎の処置,諸科,耳鼻いんこう科,鼻・咽喉関連,耳鼻いんこう科,3,1,1,375,諸科>耳鼻いんこう科>鼻・咽喉関連,,
C0298,咽喉頭疾患の外来吸入処置,諸科,耳鼻いんこう科,鼻・咽喉関連,耳鼻いんこう科,3,1,1,376,諸科>耳鼻いんこう科>鼻・咽喉関連,,
C0299,舌下免疫療法導入,諸科,耳鼻いんこう科,鼻・咽喉関連,耳鼻いんこう科,3,1,1,377,諸科>耳鼻いんこう科>鼻・咽喉関連,,
C0300,感染症疾患の点滴加療,諸科,耳鼻いんこう科,感染症・薬物加療,耳鼻いんこう科,3,1,1,378,諸科>耳鼻いんこう科>感染症・薬物加療,,
C0301,小児の言語訓練,諸科,耳鼻いんこう科,小児・言語関連,耳鼻いんこう科,3,1,1,379,諸科>耳鼻いんこう科>小児・言語関連,,
C0302,吃音の訓練（小児・成人）,諸科,耳鼻いんこう科,小児・言語関連,耳鼻いんこう科,3,1,1,380,諸科>耳鼻いんこう科>小児・言語関連,,
C0303,子宮頸部異形成のフォロー（コルポスコープ）,諸科,産婦人科（婦人科・産科含む）,婦人科疾患の管理・フォロー,産婦人科（婦人科・産科含む）,3,1,1,382,諸科>産婦人科（婦人科・産科含む）>婦人科疾患の管理・フォロー,,
C0304,外科的処置を必要としない筋腫のフォロー,諸科,産婦人科（婦人科・産科含む）,婦人科疾患の管理・フォロー,産婦人科（婦人科・産科含む）,3,1,1,383,諸科>産婦人科（婦人科・産科含む）>婦人科疾患の管理・フォロー,,
C0305,月経困難症・月経不順の経過観察・治療,諸科,産婦人科（婦人科・産科含む）,婦人科疾患の管理・フォロー,産婦人科（婦人科・産科含む）,3,1,1,384,諸科>産婦人科（婦人科・産科含む）>婦人科疾患の管理・フォロー,,
C0306,子宮脱の管理（ペッサリー挿入・洗浄・フォロー）,諸科,産婦人科（婦人科・産科含む）,婦人科疾患の管理・フォロー,産婦人科（婦人科・産科含む）,3,1,1,385,諸科>産婦人科（婦人科・産科含む）>婦人科疾患の管理・フォロー,,
C0307,悪性腫瘍治療後の寛解後フォロー,諸科,産婦人科（婦人科・産科含む）,がん関連,産婦人科（婦人科・産科含む）,3,1,1,386,諸科>産婦人科（婦人科・産科含む）>がん関連,,
C0308,婦人科がん検診（子宮頸がん・体がん・卵巣がん等）,諸科,産婦人科（婦人科・産科含む）,がん関連,産婦人科（婦人科・産科含む）,3,1,1,387,諸科>産婦人科（婦人科・産科含む）>がん関連,,
C0309,コルポスコピー・子宮頸部生検,諸科,産婦人科（婦人科・産科含む）,がん関連,産婦人科（婦人科・産科含む）,3,1,1,388,諸科>産婦人科（婦人科・産科含む）>がん関連,,
C0310,妊婦健診,諸科,産婦人科（婦人科・産科含む）,周産期・妊娠関連,産婦人科（婦人科・産科含む）,3,1,1,389,諸科>産婦人科（婦人科・産科含む）>周産期・妊娠関連,,
C0311,正常分娩対応,諸科,産婦人科（婦人科・産科含む）,周産期・妊娠関連,産婦人科（婦人科・産科含む）,3,1,1,390,諸科>産婦人科（婦人科・産科含む）>周産期・妊娠関連,,
C0312,妊娠中絶応需,諸科,産婦人科（婦人科・産科含む）,周産期・妊娠関連,産婦人科（婦人科・産科含む）,3,1,1,391,諸科>産婦人科（婦人科・産科含む）>周産期・妊娠関連,,
C0313,不妊症の診断・治療,諸科,産婦人科（婦人科・産科含む）,不妊・生殖医療,産婦人科（婦人科・産科含む）,3,1,1,392,諸科>産婦人科（婦人科・産科含む）>不妊・生殖医療,,
C0314,体外受精・高度生殖補助医療,諸科,産婦人科（婦人科・産科含む）,不妊・生殖医療,産婦人科（婦人科・産科含む）,3,1,1,393,諸科>産婦人科（婦人科・産科含む）>不妊・生殖医療,,
C0315,更年期障害の診断・治療,諸科,産婦人科（婦人科・産科含む）,更年期・内分泌疾患,産婦人科（婦人科・産科含む）,3,1,1,394,諸科>産婦人科（婦人科・産科含む）>更年期・内分泌疾患,,
C0316,GnRHアナログ注射（例：リュープリン、レルミナ）,諸科,産婦人科（婦人科・産科含む）,更年期・内分泌疾患,産婦人科（婦人科・産科含む）,3,1,1,395,諸科>産婦人科（婦人科・産科含む）>更年期・内分泌疾患,,
C0317,術前治療（例：レルミナ、リュープリン、鉄剤静注）,諸科,産婦人科（婦人科・産科含む）,更年期・内分泌疾患,産婦人科（婦人科・産科含む）,3,1,1,396,諸科>産婦人科（婦人科・産科含む）>更年期・内分泌疾患,,
C0318,ピル処方（避妊、月経困難症、PMS対策など）,諸科,産婦人科（婦人科・産科含む）,薬物療法・処方,産婦人科（婦人科・産科含む）,3,1,1,397,諸科>産婦人科（婦人科・産科含む）>薬物療法・処方,,
C0319,鉄剤治療（内服処方・注射）,諸科,産婦人科（婦人科・産科含む）,薬物療法・処方,産婦人科（婦人科・産科含む）,3,1,1,398,諸科>産婦人科（婦人科・産科含む）>薬物療法・処方,,
C0320,ホルモン療法（HRT等を含む）,諸科,産婦人科（婦人科・産科含む）,薬物療法・処方,産婦人科（婦人科・産科含む）,3,1,1,399,諸科>産婦人科（婦人科・産科含む）>薬物療法・処方,,
C0321,膣洗浄,諸科,産婦人科（婦人科・産科含む）,その他,産婦人科（婦人科・産科含む）,3,1,1,400,諸科>産婦人科（婦人科・産科含む）>その他,,
C0322,子宮筋腫のフォロー,諸科,産婦人科（婦人科・産科含む）,,産婦人科（婦人科・産科含む）,3,1,1,401,諸科>産婦人科（婦人科・産科含む）,,
C0323,貧血の治療,諸科,産婦人科（婦人科・産科含む）,,産婦人科（婦人科・産科含む）,3,1,1,402,諸科>産婦人科（婦人科・産科含む）,,
C0324,OCT検査（網膜・視神経解析）,諸科,眼科,検査・診断,眼科,2,1,1,404,諸科>眼科>検査・診断,,
C0325,緑内障検査・管理（GP：ゴールドマン視野計、HFA：ハンフリー視野計）,諸科,眼科,検査・診断,眼科,2,1,1,405,諸科>眼科>検査・診断,,
C0326,小児の視力検査、斜視・弱視のスクリーニング,諸科,眼科,検査・診断,眼科,2,1,1,406,諸科>眼科>検査・診断,,
C0327,緑内障の経過観察・治療,諸科,眼科,慢性疾患のフォロー,眼科,3,1,1,407,諸科>眼科>慢性疾患のフォロー,,
C0328,糖尿病性網膜症の管理,諸科,眼科,慢性疾患のフォロー,眼科,3,1,1,408,諸科>眼科>慢性疾患のフォロー,,
C0329,白内障手術（日帰り対応）,諸科,眼科,手術・処置,眼科,3,1,1,409,諸科>眼科>手術・処置,,
C0330,眼科小手術（霰粒腫切開、翼状片切除、結膜嚢形成など）,諸科,眼科,手術・処置,眼科,3,1,1,410,諸科>眼科>手術・処置,,
C0331,レーザー治療（汎網膜光凝固など）,諸科,眼科,手術・処置,眼科,3,1,1,411,諸科>眼科>手術・処置,,
C0332,YAGレーザー後嚢切開術,諸科,眼科,手術・処置,眼科,3,1,1,412,諸科>眼科>手術・処置,,
C0333,抗VEGF治療（加齢黄斑変性、糖尿病黄斑浮腫など）,諸科,眼科,注射・薬物療法,眼科,3,1,1,413,諸科>眼科>注射・薬物療法,,
C0334,ボトックス注射（眼瞼けいれん、斜視など）,諸科,眼科,注射・薬物療法,眼科,3,1,1,414,諸科>眼科>注射・薬物療法,,
C0335,予防接種（定期・任意ワクチン）,諸科,小児科,予防医療,小児科,3,1,1,416,諸科>小児科>予防医療,,
C0336,健康診断・乳幼児健診（必要に応じ追加可能）,諸科,小児科,予防医療,小児科,3,1,1,417,諸科>小児科>予防医療,,
C0337,喘息の治療,諸科,小児科,アレルギー・呼吸器疾患,小児科,3,1,1,418,諸科>小児科>アレルギー・呼吸器疾患,,
C0338,アトピー性皮膚炎の管理,諸科,小児科,アレルギー・呼吸器疾患,小児科,3,1,1,419,諸科>小児科>アレルギー・呼吸器疾患,,
C0339,食物アレルギーの治療（食事指導・エピペン処方含む）,諸科,小児科,アレルギー・呼吸器疾患,小児科,3,1,1,420,諸科>小児科>アレルギー・呼吸器疾患,,
C0340,アレルギー性鼻炎の治療,諸科,小児科,アレルギー・呼吸器疾患,小児科,3,1,1,421,諸科>小児科>アレルギー・呼吸器疾患,,
C0341,一般感染症（上気道炎、気管支炎、胃腸炎）などの治療,諸科,小児科,感染症,小児科,3,1,1,422,諸科>小児科>感染症,,
C0342,小児結核の管理,諸科,小児科,感染症,小児科,3,1,1,423,諸科>小児科>感染症,,
C0343,肺炎の診断・フォロー,諸科,小児科,感染症,小児科,3,1,1,424,諸科>小児科>感染症,,
C0344,てんかんの管理（内服薬継続処方含む）,諸科,小児科,神経・発達疾患,小児科,3,1,1,425,諸科>小児科>神経・発達疾患,,
C0345,注意欠如多動症（ADHD）：内服薬継続処方,諸科,小児科,神経・発達疾患,小児科,3,1,1,426,諸科>小児科>神経・発達疾患,,
C0346,発達障害に対する診断・支援,諸科,小児科,神経・発達疾患,小児科,3,1,1,427,諸科>小児科>神経・発達疾患,,
C0347,小児内分泌疾患（肥満、思春期早発など）,諸科,小児科,内分泌・腎疾患,小児科,3,1,1,428,諸科>小児科>内分泌・腎疾患,,
C0348,小児腎疾患（蛋白尿、血尿、ネフローゼ症候群など）,諸科,小児科,内分泌・腎疾患,小児科,3,1,1,429,諸科>小児科>内分泌・腎疾患,,
C0349,小児心身症（頭痛・腹痛などの心因性症状）,諸科,小児科,慢性疾患・生活習慣関連,小児科,3,1,1,430,諸科>小児科>慢性疾患・生活習慣関連,,
C0350,起立性調節障害（OD）の診療,諸科,小児科,慢性疾患・生活習慣関連,小児科,3,1,1,431,諸科>小児科>慢性疾患・生活習慣関連,,
C0351,小児の慢性副鼻腔炎,諸科,小児科,慢性疾患・生活習慣関連,小児科,3,1,1,432,諸科>小児科>慢性疾患・生活習慣関連,,
C0352,生活習慣病（小児肥満、糖尿病予備群など）,諸科,小児科,慢性疾患・生活習慣関連,小児科,3,1,1,433,諸科>小児科>慢性疾患・生活習慣関連,,
C0353,夜尿症の診療,諸科,小児科,慢性疾患・生活習慣関連,小児科,3,1,1,434,諸科>小児科>慢性疾患・生活習慣関連,,
C0354,便秘症の治療,諸科,小児科,慢性疾患・生活習慣関連,小児科,3,1,1,435,諸科>小児科>慢性疾患・生活習慣関連,,
C0355,薬物・アルコール依存への対応（依存症治療を含む）,諸科,精神科・心療内科,疾患・症候別対応,精神科・心療内科,3,1,1,437,諸科>精神科・心療内科>疾患・症候別対応,,
C0356,摂食障害の治療,諸科,精神科・心療内科,疾患・症候別対応,精神科・心療内科,3,1,1,438,諸科>精神科・心療内科>疾患・症候別対応,,
C0357,成人の発達障害への対応,諸科,精神科・心療内科,疾患・症候別対応,精神科・心療内科,3,1,1,439,諸科>精神科・心療内科>疾患・症候別対応,,
C0358,児童・思春期の精神疾患対応,諸科,精神科・心療内科,疾患・症候別対応,精神科・心療内科,3,1,1,440,諸科>精神科・心療内科>疾患・症候別対応,,
C0359,認知症治療（BPSD対応含む）,諸科,精神科・心療内科,疾患・症候別対応,精神科・心療内科,3,1,1,441,諸科>精神科・心療内科>疾患・症候別対応,,
C0360,希死念慮の強い方への対応（自殺リスクアセスメント含む）,諸科,精神科・心療内科,疾患・症候別対応,精神科・心療内科,3,1,1,442,諸科>精神科・心療内科>疾患・症候別対応,,
C0361,睡眠障害への対応（ナルコレプシー・睡眠時無呼吸症候群など）,諸科,精神科・心療内科,疾患・症候別対応,精神科・心療内科,3,1,1,443,諸科>精神科・心療内科>疾患・症候別対応,,
C0362,てんかんの精神科的管理（発作コントロール、精神症状併存例のフォロー）,諸科,精神科・心療内科,疾患・症候別対応,精神科・心療内科,3,1,1,444,諸科>精神科・心療内科>疾患・症候別対応,,
C0363,精神科デイケア,諸科,精神科・心療内科,治療・リハビリ,精神科・心療内科,3,1,1,445,諸科>精神科・心療内科>治療・リハビリ,,
C0364,リワークプログラム（職場復帰支援）,諸科,精神科・心療内科,治療・リハビリ,精神科・心療内科,3,1,1,446,諸科>精神科・心療内科>治療・リハビリ,,
C0365,カウンセリング（心理療法、支持的精神療法など）,諸科,精神科・心療内科,治療・リハビリ,精神科・心療内科,3,1,1,447,諸科>精神科・心療内科>治療・リハビリ,,
C0366,精神科訪問診療（在宅での対応）,諸科,精神科・心療内科,治療・リハビリ,精神科・心療内科,3,1,1,448,諸科>精神科・心療内科>治療・リハビリ,,
C0367,脳波検査（てんかん・意識障害・睡眠障害の評価など）,諸科,精神科・心療内科,検査・評価,精神科・心療内科,2,1,1,449,諸科>精神科・心療内科>検査・評価,,
C0368,日中の一般歯科の急患対応,諸科,歯科・歯科口腔外科,一般歯科診療,歯科・歯科口腔外科,3,1,1,451,諸科>歯科・歯科口腔外科>一般歯科診療,,
C0369,有病者の一般歯科治療,諸科,歯科・歯科口腔外科,一般歯科診療,歯科・歯科口腔外科,3,1,1,452,諸科>歯科・歯科口腔外科>一般歯科診療,,
C0370,障害者の一般歯科治療,諸科,歯科・歯科口腔外科,一般歯科診療,歯科・歯科口腔外科,3,1,1,453,諸科>歯科・歯科口腔外科>一般歯科診療,,
C0371,車椅子患者の歯科治療,諸科,歯科・歯科口腔外科,一般歯科診療,歯科・歯科口腔外科,3,1,1,454,諸科>歯科・歯科口腔外科>一般歯科診療,,
C0372,顎関節症の保存的治療およびフォローアップ,諸科,歯科・歯科口腔外科,口腔外科的対応,歯科・歯科口腔外科,3,1,1,455,諸科>歯科・歯科口腔外科>口腔外科的対応,,
C0373,埋伏歯以外の抜歯,諸科,歯科・歯科口腔外科,口腔外科的対応,歯科・歯科口腔外科,3,1,1,456,諸科>歯科・歯科口腔外科>口腔外科的対応,,
C0374,顎骨壊死の保存的治療（創部洗浄）,諸科,歯科・歯科口腔外科,口腔外科的対応,歯科・歯科口腔外科,3,1,1,457,諸科>歯科・歯科口腔外科>口腔外科的対応,,
C0375,BP（骨粗鬆症）製剤開始に伴う薬剤性顎骨壊死リスクを考慮した口腔管理,諸科,歯科・歯科口腔外科,口腔外科的対応,歯科・歯科口腔外科,3,1,1,458,諸科>歯科・歯科口腔外科>口腔外科的対応,,
C0376,口腔粘膜疾患のフォローアップ,諸科,歯科・歯科口腔外科,口腔外科的対応,歯科・歯科口腔外科,3,1,1,459,諸科>歯科・歯科口腔外科>口腔外科的対応,,
C0377,周術期口腔ケアへの対応,諸科,歯科・歯科口腔外科,医科との連携,歯科・歯科口腔外科,3,1,1,460,諸科>歯科・歯科口腔外科>医科との連携,,
C0378,周術期口腔機能管理,諸科,歯科・歯科口腔外科,医科との連携,歯科・歯科口腔外科,3,1,1,461,諸科>歯科・歯科口腔外科>医科との連携,,
C0379,がん診療連携（化学療法前後の口腔ケア）,諸科,歯科・歯科口腔外科,医科との連携,歯科・歯科口腔外科,3,1,1,462,諸科>歯科・歯科口腔外科>医科との連携,,
C0380,がん診療連携（放射線治療前後の口腔ケア）,諸科,歯科・歯科口腔外科,医科との連携,歯科・歯科口腔外科,3,1,1,463,諸科>歯科・歯科口腔外科>医科との連携,,
C0381,がん診療連携（包括的連携）,諸科,歯科・歯科口腔外科,医科との連携,歯科・歯科口腔外科,3,1,1,464,諸科>歯科・歯科口腔外科>医科との連携,,
C0382,労災対応,諸科,歯科・歯科口腔外科,特殊対応・配慮,歯科・歯科口腔外科,3,1,1,465,諸科>歯科・歯科口腔外科>特殊対応・配慮,,
C0383,笑気を使用した診療対応,諸科,歯科・歯科口腔外科,特殊対応・配慮,歯科・歯科口腔外科,3,1,1,466,諸科>歯科・歯科口腔外科>特殊対応・配慮,,
C0384,歯科訪問診療対応,諸科,歯科・歯科口腔外科,リハ・在宅・訪問,歯科・歯科口腔外科,3,1,1,467,諸科>歯科・歯科口腔外科>リハ・在宅・訪問,,
C0385,CT・MRI・X線・超音波検査による各種臓器評価,諸科,放射線科（診断＋治療含む）,画像診断,放射線科（診断＋治療含む）,3,1,1,469,諸科>放射線科（診断＋治療含む）>画像診断,,
C0386,悪性腫瘍に対する外部照射（固形腫瘍・頭頚部癌など）,諸科,放射線科（診断＋治療含む）,放射線治療,放射線科（診断＋治療含む）,3,1,1,470,諸科>放射線科（診断＋治療含む）>放射線治療,,
C0387,立体的定位放射線治療（SRT/SRS）,諸科,放射線科（診断＋治療含む）,放射線治療,放射線科（診断＋治療含む）,3,1,1,471,諸科>放射線科（診断＋治療含む）>放射線治療,,
C0388,骨シンチグラフィによる転移評価,諸科,放射線科（診断＋治療含む）,骨・関節関連評価,放射線科（診断＋治療含む）,3,1,1,473,諸科>放射線科（診断＋治療含む）>骨・関節関連評価,,
C0389,強度変調放射線治療（IMRT）,諸科,放射線科（診断＋治療含む）,,放射線科（診断＋治療含む）,3,1,1,474,諸科>放射線科（診断＋治療含む）,,
C0390,トモシンセス（３Dマンモグラフィ）,諸科,放射線科（診断＋治療含む）,,放射線科（診断＋治療含む）,3,1,1,475,諸科>放射線科（診断＋治療含む）,,
C0391,PETによるがん検査,諸科,放射線科（診断＋治療含む）,,放射線科（診断＋治療含む）,3,1,1,476,諸科>放射線科（診断＋治療含む）,,
C0392,サイバーナイフ,諸科,放射線科（診断＋治療含む）,,放射線科（診断＋治療含む）,3,1,1,477,諸科>放射線科（診断＋治療含む）,,
C0393,歯科断層撮影,諸科,放射線科（診断＋治療含む）,,放射線科（診断＋治療含む）,3,1,1,478,諸科>放射線科（診断＋治療含む）,,
C0394,全身麻酔による手術管理（心臓外科・整形外科・腹部手術など）,諸科,麻酔科,全身麻酔・手術管理,麻酔科,3,1,1,480,諸科>麻酔科>全身麻酔・手術管理,,
C0395,手術前評価（リスク評価・術前検査の確認）,諸科,麻酔科,全身麻酔・手術管理,麻酔科,3,1,1,481,諸科>麻酔科>全身麻酔・手術管理,,
C0396,脊髄くも膜下麻酔（下肢手術・婦人科手術）,諸科,麻酔科,局所麻酔・神経ブロック,麻酔科,3,1,1,482,諸科>麻酔科>局所麻酔・神経ブロック,,
C0397,末梢神経ブロック（肩・腕・脚などの手術）,諸科,麻酔科,局所麻酔・神経ブロック,麻酔科,3,1,1,483,諸科>麻酔科>局所麻酔・神経ブロック,,
C0398,術後集中治療管理,諸科,麻酔科,集中治療・ICU管理,麻酔科,3,1,1,484,諸科>麻酔科>集中治療・ICU管理,,
C0399,呼吸管理・人工呼吸器管理,諸科,麻酔科,集中治療・ICU管理,麻酔科,3,1,1,485,諸科>麻酔科>集中治療・ICU管理,,
C0400,循環管理（輸液・昇圧薬・循環補助）,諸科,麻酔科,集中治療・ICU管理,麻酔科,3,1,1,486,諸科>麻酔科>集中治療・ICU管理,,
C0401,急性疼痛管理（術後疼痛・外傷疼痛）,諸科,麻酔科,痛み管理,麻酔科,3,1,1,487,諸科>麻酔科>痛み管理,,
C0402,慢性疼痛管理（神経ブロック・薬物治療）,諸科,麻酔科,痛み管理,麻酔科,3,1,1,488,諸科>麻酔科>痛み管理,,
C0403,麻酔合併症の対応（アナフィラキシーなど）,諸科,麻酔科,麻酔関連の緊急対応,麻酔科,3,1,1,489,諸科>麻酔科>麻酔関連の緊急対応,,
C0404,気道確保・蘇生管理,諸科,麻酔科,麻酔関連の緊急対応,麻酔科,3,1,1,490,諸科>麻酔科>麻酔関連の緊急対応,,
C0405,ペイン外来,諸科,麻酔科,,麻酔科,3,1,1,491,諸科>麻酔科,,
C0406,外傷（骨折・切傷・打撲など）の初期評価と処置,諸科,救急科,急性症状・初期対応,救急科,3,1,1,493,諸科>救急科>急性症状・初期対応,,
C0407,急性心疾患・呼吸不全の初期評価・安定化,諸科,救急科,急性症状・初期対応,救急科,3,1,1,494,諸科>救急科>急性症状・初期対応,,
C0408,ショック・多臓器不全への初期蘇生管理,諸科,救急科,急性症状・初期対応,救急科,3,1,1,495,諸科>救急科>急性症状・初期対応,,
C0409,心肺蘇生（CPR・AED・高度救命救急）,諸科,救急科,救命措置・緊急対応,救急科,3,1,1,496,諸科>救急科>救命措置・緊急対応,,
C0410,気道確保・人工呼吸器管理,諸科,救急科,救命措置・緊急対応,救急科,3,1,1,497,諸科>救急科>救命措置・緊急対応,,
C0411,緊急輸液・昇圧薬による循環管理,諸科,救急科,救命措置・緊急対応,救急科,3,1,1,498,諸科>救急科>救命措置・緊急対応,,
C0412,中毒・薬物過量の評価と対応（吸着・解毒・支持療法）,諸科,救急科,急性中毒・薬物管理,救急科,3,1,1,499,諸科>救急科>急性中毒・薬物管理,,
C0413,敗血症や急性肺炎などの重傷感染症初期管理,諸科,救急科,急性感染症管理,救急科,3,1,1,500,諸科>救急科>急性感染症管理,,
C0414,がん・慢性疾患に伴う疼痛管理（薬物・神経ブロックなど）,諸科,緩和ケア科,痛み・症状管理,緩和ケア科,3,1,1,502,諸科>緩和ケア科>痛み・症状管理,,
C0415,呼吸困難・倦怠感・吐き気などの症状緩和,諸科,緩和ケア科,痛み・症状管理,緩和ケア科,3,1,1,503,諸科>緩和ケア科>痛み・症状管理,,
C0416,不安・抑うつ・スピリチュアルケアの支援,諸科,緩和ケア科,精神・心理的ケア,緩和ケア科,3,1,1,504,諸科>緩和ケア科>精神・心理的ケア,,
C0417,患者・家族の意思決定サポート,諸科,緩和ケア科,精神・心理的ケア,緩和ケア科,3,1,1,505,諸科>緩和ケア科>精神・心理的ケア,,
C0418,オピオイド・鎮静薬・抗不安薬・その他緩和薬の投与管理,諸科,緩和ケア科,薬物療法管理,緩和ケア科,3,1,1,506,諸科>緩和ケア科>薬物療法管理,,
C0419,在宅緩和ケアのコーディネート,諸科,緩和ケア科,在宅・施設支援,緩和ケア科,3,1,1,507,諸科>緩和ケア科>在宅・施設支援,,
C0420,施設や病棟での症状コントロール支援,諸科,緩和ケア科,在宅・施設支援,緩和ケア科,3,1,1,508,諸科>緩和ケア科>在宅・施設支援,,
C0421,終末期の疼痛管理・症状緩和,諸科,緩和ケア科,終末期ケア,緩和ケア科,3,1,1,509,諸科>緩和ケア科>終末期ケア,,
C0422,QOL維持のための総合ケア,諸科,緩和ケア科,終末期ケア,緩和ケア科,3,1,1,510,諸科>緩和ケア科>終末期ケア,,
C0423,往診・訪問診療,共通,在宅診療内容,訪問・往診,,3,1,1,512,共通>在宅診療内容>訪問・往診,,
C0424,訪問看護,共通,在宅診療内容,訪問・往診,,3,1,1,513,共通>在宅診療内容>訪問・往診,,
C0425,24時間対応,共通,在宅診療内容,訪問・往診,,3,1,1,514,共通>在宅診療内容>訪問・往診,,
C0426,経管栄養管理（胃瘻・NGチューブ・中心静脈栄養含む）,共通,在宅診療内容,栄養・消化管管理,,3,1,1,515,共通>在宅診療内容>栄養・消化管管理,,
C0427,胃瘻管理・交換,共通,在宅診療内容,栄養・消化管管理,,3,1,1,516,共通>在宅診療内容>栄養・消化管管理,,
C0428,NGチューブ交換,共通,在宅診療内容,栄養・消化管管理,,3,1,1,517,共通>在宅診療内容>栄養・消化管管理,,
C0429,中心静脈栄養（IVH）管理,共通,在宅診療内容,栄養・消化管管理,,3,1,1,518,共通>在宅診療内容>栄養・消化管管理,,
C0430,バルンカテーテル管理,共通,在宅診療内容,栄養・消化管管理,,3,1,1,519,共通>在宅診療内容>栄養・消化管管理,,
C0431,ストマ管理,共通,在宅診療内容,栄養・消化管管理,,3,1,1,520,共通>在宅診療内容>栄養・消化管管理,,
C0432,在宅酸素療法,共通,在宅診療内容,呼吸管理,,3,1,1,521,共通>在宅診療内容>呼吸管理,,
C0433,気管切開管理,共通,在宅診療内容,呼吸管理,,3,1,1,522,共通>在宅診療内容>呼吸管理,,
C0434,気管カニューレ交換,共通,在宅診療内容,呼吸管理,,3,1,1,523,共通>在宅診療内容>呼吸管理,,
C0435,人工呼吸器管理,共通,在宅診療内容,呼吸管理,,3,1,1,524,共通>在宅診療内容>呼吸管理,,
C0436,膀胱留置カテーテル管理,共通,在宅診療内容,排泄管理,,3,1,1,525,共通>在宅診療内容>排泄管理,,
C0437,尿道留置カテーテル交換,共通,在宅診療内容,排泄管理,,3,1,1,527,共通>在宅診療内容>排泄管理,,
C0438,疼痛管理（悪性疾患・神経難病・緩和ケア含む）,共通,在宅診療内容,薬物管理・疼痛管理,,3,1,1,528,共通>在宅診療内容>薬物管理・疼痛管理,,
C0439,麻薬・医療用麻薬の処方・管理（がん疼痛・緩和ケア）,共通,在宅診療内容,薬物管理・疼痛管理,,3,1,1,529,共通>在宅診療内容>薬物管理・疼痛管理,,
C0440,持続皮下注射,共通,在宅診療内容,薬物管理・疼痛管理,,3,1,1,530,共通>在宅診療内容>薬物管理・疼痛管理,,
C0441,持続ポンプ／ポンプの使用管理,共通,在宅診療内容,薬物管理・疼痛管理,,3,1,1,531,共通>在宅診療内容>薬物管理・疼痛管理,,
C0442,抗癌剤の投薬・採血管理,共通,在宅診療内容,薬物管理・疼痛管理,,3,1,1,532,共通>在宅診療内容>薬物管理・疼痛管理,,
C0443,腹水穿刺,共通,在宅診療内容,血液・穿刺処置,,3,1,1,533,共通>在宅診療内容>血液・穿刺処置,,
C0444,点滴管理,共通,在宅診療内容,血液・穿刺処置,,3,1,1,534,共通>在宅診療内容>血液・穿刺処置,,
C0445,輸血,共通,在宅診療内容,血液・穿刺処置,,3,1,1,535,共通>在宅診療内容>血液・穿刺処置,,
C0446,小児（重症心身障害児）対応,共通,在宅診療内容,小児・特別支援,,3,1,1,536,共通>在宅診療内容>小児・特別支援,,
C0447,エピペン処方,共通,在宅診療内容,予防・救急対応,,3,1,1,537,共通>在宅診療内容>予防・救急対応,,
C0448,予防接種,共通,在宅診療内容,予防・救急対応,,3,1,1,538,共通>在宅診療内容>予防・救急対応,,
C0449,胸水穿刺,共通,在宅診療内容,,,3,1,1,539,共通>在宅診療内容,,
C0450,尿管ステント交換,共通,在宅診療内容,,,3,1,1,540,共通>在宅診療内容,,
C0451,PICC留置,共通,在宅診療内容,,,3,1,1,541,共通>在宅診療内容,,
C0452,胸腔ドレナージ,共通,在宅診療内容,,,3,1,1,542,共通>在宅診療内容,,
C0453,PTGBD管理,共通,在宅診療内容,,,3,1,1,543,共通>在宅診療内容,,
C0454,腎ろう管理,共通,在宅診療内容,,,3,1,1,544,共通>在宅診療内容,,
C0455,在宅使用物品払い出し,共通,在宅診療内容,,,3,1,1,545,共通>在宅診療内容,,
C0456,X線（レントゲン）,共通,医療機器関連,画像診断装置,,2,1,1,547,共通>医療機器関連>画像診断装置,,
C0457,CT（単純・造影）,共通,医療機器関連,画像診断装置,,2,1,1,548,共通>医療機器関連>画像診断装置,,
C0458,冠動脈CT,共通,医療機器関連,画像診断装置,,2,1,1,549,共通>医療機器関連>画像診断装置,,
C0459,全身動脈造影CT,共通,医療機器関連,画像診断装置,,2,1,1,550,共通>医療機器関連>画像診断装置,,
C0460,MRI（単純・造影）,共通,医療機器関連,画像診断装置,,2,1,1,551,共通>医療機器関連>画像診断装置,,
C0461,オープンMRI（大型体型対応）,共通,医療機器関連,画像診断装置,,2,1,1,552,共通>医療機器関連>画像診断装置,,
C0462,PET-CT,共通,医療機器関連,画像診断装置,,2,1,1,553,共通>医療機器関連>画像診断装置,,
C0463,骨シンチグラフィ,共通,医療機器関連,画像診断装置,,2,1,1,554,共通>医療機器関連>画像診断装置,,
C0464,心エコー（心臓超音波）,共通,医療機器関連,超音波・心臓関連装置,,2,1,1,555,共通>医療機器関連>超音波・心臓関連装置,,
C0465,腹部エコー（腹部臓器・フィプロスキャン含む）,共通,医療機器関連,超音波・心臓関連装置,,2,1,1,556,共通>医療機器関連>超音波・心臓関連装置,,
C0466,表在エコー（甲状腺・乳腺など）,共通,医療機器関連,超音波・心臓関連装置,,2,1,1,557,共通>医療機器関連>超音波・心臓関連装置,,
C0467,心電図（安静・ホルター心電図含む）,共通,医療機器関連,超音波・心臓関連装置,,2,1,1,558,共通>医療機器関連>超音波・心臓関連装置,,
C0468,胃カメラ（上部消化管内視鏡）,共通,医療機器関連,内視鏡・消化器関連,,2,1,1,559,共通>医療機器関連>内視鏡・消化器関連,,
C0469,大腸カメラ（下部消化管内視鏡）,共通,医療機器関連,内視鏡・消化器関連,,2,1,1,560,共通>医療機器関連>内視鏡・消化器関連,,
C0470,放射線治療装置,共通,医療機器関連,治療用医療機器,,2,1,1,561,共通>医療機器関連>治療用医療機器,,
C0471,高気圧酸素療法装置,共通,医療機器関連,治療用医療機器,,2,1,1,562,共通>医療機器関連>治療用医療機器,,
C0472,透析装置（血液透析・腹膜透析）,共通,医療機器関連,治療用医療機器,,2,1,1,563,共通>医療機器関連>治療用医療機器,,
C0473,採血一般,共通,検査関連,血液検査,,2,1,1,565,共通>検査関連>血液検査,,
C0474,血液学的検査（貧血、血球数など）,共通,検査関連,血液検査,,2,1,1,566,共通>検査関連>血液検査,,
C0475,HbA1c（糖代謝評価）,共通,検査関連,血液検査,,2,1,1,567,共通>検査関連>血液検査,,
C0476,炎症反応（CRP）,共通,検査関連,血液検査,,2,1,1,568,共通>検査関連>血液検査,,
C0477,凝固系検査（PT-INR）,共通,検査関連,血液検査,,2,1,1,569,共通>検査関連>血液検査,,
C0478,血液ガス分析,共通,検査関連,血液検査,,2,1,1,570,共通>検査関連>血液検査,,
C0479,腫瘍マーカー採血,共通,検査関連,血液検査,,2,1,1,571,共通>検査関連>血液検査,,
C0480,尿検査,共通,検査関連,尿・排泄系検査,,2,1,1,572,共通>検査関連>尿・排泄系検査,,
C0481,尿蛋白定量検査（g/gCr）,共通,検査関連,尿・排泄系検査,,2,1,1,573,共通>検査関連>尿・排泄系検査,,
C0482,表在エコー（乳腺・甲状腺など）,共通,検査関連,超音波・エコー検査,,2,1,1,576,共通>検査関連>超音波・エコー検査,,
C0483,血管エコー,共通,検査関連,超音波・エコー検査,,2,1,1,577,共通>検査関連>超音波・エコー検査,,
C0484,肺・呼吸器評価を含む超音波検査,共通,検査関連,超音波・エコー検査,,2,1,1,578,共通>検査関連>超音波・エコー検査,,
C0485,上部消化管内視鏡検査（口・経鼻）,共通,検査関連,内視鏡検査,,2,1,1,579,共通>検査関連>内視鏡検査,,
C0486,下部消化管内視鏡検査（大腸内視鏡）,共通,検査関連,内視鏡検査,,2,1,1,580,共通>検査関連>内視鏡検査,,
C0487,肺機能検査,共通,検査関連,呼吸機能検査,,2,1,1,581,共通>検査関連>呼吸機能検査,,
C0488,呼吸機能検査（スパイロメトリー等）,共通,検査関連,呼吸機能検査,,2,1,1,582,共通>検査関連>呼吸機能検査,,
C0489,CVポート穿刺＆抜針、フラッシュ,共通,検査関連,医療処置関連（検査に付随）,,2,1,1,583,共通>検査関連>医療処置関連（検査に付随）,,
C0490,抜糸・消毒,共通,検査関連,医療処置関連（検査に付随）,,2,1,1,584,共通>検査関連>医療処置関連（検査に付随）,,
C0491,高気圧酸素治療（検査的評価含む場合）,共通,検査関連,医療処置関連（検査に付随）,,2,1,1,585,共通>検査関連>医療処置関連（検査に付随）,,
C0492,施設内バリアフリー対応,共通,医療機関内サービス・アメニティ,バリアフリー・施設対応,,3,1,1,587,共通>医療機関内サービス・アメニティ>バリアフリー・施設対応,,
C0493,施設外（病院に入るまでの経路）バリアフリー対応,共通,医療機関内サービス・アメニティ,バリアフリー・施設対応,,3,1,1,588,共通>医療機関内サービス・アメニティ>バリアフリー・施設対応,,
C0494,車椅子対応可・車椅子常設,共通,医療機関内サービス・アメニティ,バリアフリー・施設対応,,3,1,1,589,共通>医療機関内サービス・アメニティ>バリアフリー・施設対応,,
C0495,車いす対応トイレ,共通,医療機関内サービス・アメニティ,バリアフリー・施設対応,,3,1,1,590,共通>医療機関内サービス・アメニティ>バリアフリー・施設対応,,
C0496,駐車場あり（徒歩1分以内）,共通,医療機関内サービス・アメニティ,バリアフリー・施設対応,,3,1,1,591,共通>医療機関内サービス・アメニティ>バリアフリー・施設対応,,
C0497,エレベータあり（2階以上の場合）,共通,医療機関内サービス・アメニティ,バリアフリー・施設対応,,3,1,1,592,共通>医療機関内サービス・アメニティ>バリアフリー・施設対応,,
C0498,視聴覚障碍者配慮（手話対応・点字対応・通訳対応など）,共通,医療機関内サービス・アメニティ,バリアフリー・施設対応,,3,1,1,593,共通>医療機関内サービス・アメニティ>バリアフリー・施設対応,,
C0499,予約制（初診・再診/インターネット予約可）,共通,医療機関内サービス・アメニティ,予約・診療形態,,2,1,1,594,共通>医療機関内サービス・アメニティ>予約・診療形態,,
C0500,オンライン診療対応,共通,医療機関内サービス・アメニティ,予約・診療形態,,2,1,1,595,共通>医療機関内サービス・アメニティ>予約・診療形態,,
C0501,必要時往診,共通,医療機関内サービス・アメニティ,予約・診療形態,,2,1,1,596,共通>医療機関内サービス・アメニティ>予約・診療形態,,
C0502,女性医師による診察,共通,医療機関内サービス・アメニティ,医療スタッフ・リハビリ関連,,2,1,1,597,共通>医療機関内サービス・アメニティ>医療スタッフ・リハビリ関連,,
C0503,理学療法士の配置,共通,医療機関内サービス・アメニティ,医療スタッフ・リハビリ関連,,2,1,1,598,共通>医療機関内サービス・アメニティ>医療スタッフ・リハビリ関連,,
C0504,リハビリテーション室あり,共通,医療機関内サービス・アメニティ,医療スタッフ・リハビリ関連,,2,1,1,600,共通>医療機関内サービス・アメニティ>医療スタッフ・リハビリ関連,,
C0505,相談員の配置,共通,医療機関内サービス・アメニティ,医療スタッフ・リハビリ関連,,2,1,1,601,共通>医療機関内サービス・アメニティ>医療スタッフ・リハビリ関連,,
C0506,クレジットカード対応,共通,医療機関内サービス・アメニティ,支払い・保険・行政対応,,1,1,1,602,共通>医療機関内サービス・アメニティ>支払い・保険・行政対応,,
C0507,マイナンバー・マイナカード保険証対応,共通,医療機関内サービス・アメニティ,支払い・保険・行政対応,,1,1,1,603,共通>医療機関内サービス・アメニティ>支払い・保険・行政対応,,
C0508,電子処方箋対応,共通,医療機関内サービス・アメニティ,支払い・保険・行政対応,,1,1,2,"604,634",共通>処方関連>処方対応・サービス | 共通>医療機関内サービス・アメニティ>支払い・保険・行政対応,,
C0509,自由診療対応,共通,医療機関内サービス・アメニティ,支払い・保険・行政対応,,1,1,1,605,共通>医療機関内サービス・アメニティ>支払い・保険・行政対応,,
C0510,労働災害・交通災害・生活保護・小児慢性特定疾病指定医医療機関,共通,医療機関内サービス・アメニティ,支払い・保険・行政対応,,1,1,1,606,共通>医療機関内サービス・アメニティ>支払い・保険・行政対応,,
C0511,身体障碍者手帳・助成制度（指定難病、小児慢性）診断書作成指定医,共通,医療機関内サービス・アメニティ,支払い・保険・行政対応,,1,1,1,607,共通>医療機関内サービス・アメニティ>支払い・保険・行政対応,,
C0512,外国語対応,共通,医療機関内サービス・アメニティ,その他,,1,1,1,608,共通>医療機関内サービス・アメニティ>その他,,
C0513,キッズスペース,共通,医療機関内サービス・アメニティ,その他,,1,1,1,609,共通>医療機関内サービス・アメニティ>その他,,
C0514,胃がん,共通,がん地域連携パス,,,3,1,1,611,共通>がん地域連携パス,,
C0515,大腸がん,共通,がん地域連携パス,,,3,1,1,612,共通>がん地域連携パス,,
C0516,肝臓がん,共通,がん地域連携パス,,,3,1,1,613,共通>がん地域連携パス,,
C0517,肺がん,共通,がん地域連携パス,,,3,1,1,614,共通>がん地域連携パス,,
C0518,乳がん（ホルモン療法含む）,共通,がん地域連携パス,,,3,1,1,615,共通>がん地域連携パス,,
C0519,前立腺がん（術後・放射線治療後・内分泌療法含む）,共通,がん地域連携パス,,,3,1,1,616,共通>がん地域連携パス,,
C0520,AMI,共通,その他連携パス,,,3,1,1,618,共通>その他連携パス,,
C0521,PSA検診,共通,その他連携パス,,,3,1,1,619,共通>その他連携パス,,
C0522,糖尿病,共通,その他連携パス,,,3,1,1,620,共通>その他連携パス,,
C0523,COPD,共通,その他連携パス,,,3,1,1,621,共通>その他連携パス,,
C0524,脳卒中,共通,その他連携パス,,,3,1,1,622,共通>その他連携パス,,
C0525,大腿骨頸部骨折,共通,その他連携パス,,,3,1,1,623,共通>その他連携パス,,
C0526,二次性骨折予防,共通,その他連携パス,,,3,1,1,624,共通>その他連携パス,,
C0527,長期処方可能,共通,処方関連,処方形態・期間,,2,1,1,626,共通>処方関連>処方形態・期間,,
C0528,院内処方,共通,処方関連,処方形態・期間,,2,1,1,627,共通>処方関連>処方形態・期間,,
C0529,院外処方,共通,処方関連,処方形態・期間,,2,1,1,628,共通>処方関連>処方形態・期間,,
C0530,短期処方（例：臨時・急な症状変化時）,共通,処方関連,処方形態・期間,,2,1,1,629,共通>処方関連>処方形態・期間,,
C0531,麻薬処方（医療用麻薬・オピオイドなど）,共通,処方関連,特殊薬剤・管理薬,,2,1,1,630,共通>処方関連>特殊薬剤・管理薬,,
C0532,毒薬・向精神薬の処方,共通,処方関連,特殊薬剤・管理薬,,2,1,1,631,共通>処方関連>特殊薬剤・管理薬,,
C0533,抗がん剤の院内管理下での処方（点滴含む）,共通,処方関連,特殊薬剤・管理薬,,2,1,1,632,共通>処方関連>特殊薬剤・管理薬,,
C0534,ホルモン療法薬の処方（乳がん・前立腺がんなど）,共通,処方関連,特殊薬剤・管理薬,,2,1,1,633,共通>処方関連>特殊薬剤・管理薬,,
C0535,服薬指導・服薬管理（処方に付随するフォロー）,共通,処方関連,処方対応・サービス,,2,1,1,635,共通>処方関連>処方対応・サービス,,
C0536,持続投与・ポンプ管理薬の処方（在宅IVH・持続皮下注射など）,共通,処方関連,処方対応・サービス,,2,1,1,636,共通>処方関連>処方対応・サービス,,
C0537,英語,共通,対応言語・通訳体制,,,3,1,1,638,共通>対応言語・通訳体制,,
C0538,中国語,共通,対応言語・通訳体制,,,3,1,1,639,共通>対応言語・通訳体制,,
C0539,韓国語,共通,対応言語・通訳体制,,,3,1,1,640,共通>対応言語・通訳体制,,
C0540,訪問介護との連携,共通,介護・福祉連携,介護支援・サービス,,2,1,1,643,共通>介護・福祉連携>介護支援・サービス,,
C0541,デイサービス・通所介護利用支援,共通,介護・福祉連携,介護支援・サービス,,2,1,1,644,共通>介護・福祉連携>介護支援・サービス,,
C0542,介護保険制度に基づく支援相談,共通,介護・福祉連携,介護支援・サービス,,2,1,1,645,共通>介護・福祉連携>介護支援・サービス,,
C0543,福祉用具レンタル・購入支援,共通,介護・福祉連携,介護支援・サービス,,2,1,1,646,共通>介護・福祉連携>介護支援・サービス,,
C0544,介護認定申請支援,共通,介護・福祉連携,福祉手続き・相談,,2,1,1,647,共通>介護・福祉連携>福祉手続き・相談,,
C0545,生活保護・障碍者手帳等の福祉手続き支援,共通,介護・福祉連携,福祉手続き・相談,,2,1,1,648,共通>介護・福祉連携>福祉手続き・相談,,
C0546,相談員・ケアマネジャーとの連携,共通,介護・福祉連携,福祉手続き・相談,,2,1,1,649,共通>介護・福祉連携>福祉手続き・相談,,
C0547,家族向け介護指導・相談,共通,介護・福祉連携,家族支援・その他,,2,1,1,650,共通>介護・福祉連携>家族支援・その他,,
C0548,施設入所・ショートステイ相談,共通,介護・福祉連携,家族支援・その他,,2,1,1,651,共通>介護・福祉連携>家族支援・その他,,
C0549,訪問看護ステーション,共通,運営関連施設,,,2,1,1,653,共通>運営関連施設,,
C0550,居宅介護支援事業所（ケアマネジャーによるサービス計画含む）,共通,運営関連施設,,,2,1,1,654,共通>運営関連施設,,
C0551,小規模多機能型居宅介護・看護小規模多機能型居宅介護,共通,運営関連施設,,,2,1,1,655,共通>運営関連施設,,
C0552,通所介護事業所（デイサービス）,共通,運営関連施設,,,2,1,1,656,共通>運営関連施設,,
C0553,認知症対応型通所・認知症対応事業所,共通,運営関連施設,,,2,1,1,657,共通>運営関連施設,,
C0554,介護老人保健施設,共通,運営関連施設,,,2,1,1,658,共通>運営関連施設,,
C0555,特別養護老人ホーム,共通,運営関連施設,,,2,1,1,659,共通>運営関連施設,,
C0556,有料老人ホーム,共通,運営関連施設,,,2,1,1,660,共通>運営関連施設,,
